,PC_to_PE,PC_to_PE,PC_to_PE,PC_to_PE,PC_to_PE,PC_to_PE,PC_to_PE,PC_to_PE,PC_to_PE,PC_to_PE,PC_to_PE,PC_to_PE,PC_to_PE,PC_to_PE,PC_to_PE,PC_to_PE,PC_to_PE,PC_to_PE,PC_to_PE,PC_to_PE,PC_to_PE,PC_to_PE,PC_to_PE,PC_to_PE,PC_to_PE,PC_to_PE,PC_to_PE,PC_to_PE,PC_to_PE,PC_to_PE,PC_to_PG,PC_to_PG,PC_to_PG,PC_to_PG,PC_to_PG,PC_to_PG,PC_to_PG,PC_to_PG,PC_to_PG,PC_to_PG,PC_to_PG,PC_to_PG,PC_to_PG,PC_to_PG,PC_to_PG,PC_to_PG,PC_to_PG,PC_to_PG,PC_to_PG,PC_to_PG,PC_to_PG,PC_to_PG,PC_to_PG,PC_to_PG,PC_to_PG,PC_to_PG,PC_to_PG,PC_to_PG,PC_to_PG,PC_to_PG,PE_to_PG,PE_to_PG,PE_to_PG,PE_to_PG,PE_to_PG,PE_to_PG,PE_to_PG,PE_to_PG,PE_to_PG,PE_to_PG,PE_to_PG,PE_to_PG,PE_to_PG,PE_to_PG,PE_to_PG,PE_to_PG,PE_to_PG,PE_to_PG,PE_to_PG,PE_to_PG,PE_to_PG,PE_to_PG,PE_to_PG,PE_to_PG,PE_to_PG,PE_to_PG,PE_to_PG,PE_to_PG,PE_to_PG,PE_to_PG
,POCE_120,POCE_120,POCE_120,POCE_120,POCE_24,POCE_24,POCE_24,POCE_24,POCE_48,POCE_48,POCE_48,POCE_48,POCE_72,POCE_72,POCE_72,POCE_72,POCE_84,POCE_84,POCE_84,POCE_84,mean,mean,mean,mean,POCE_24,POCE_84,POCE_48,POCE_120,POCE_72,mean,POCG_108,POCG_108,POCG_108,POCG_108,POCG_12,POCG_12,POCG_12,POCG_12,POCG_36,POCG_36,POCG_36,POCG_36,POCG_60,POCG_60,POCG_60,POCG_60,POCG_96,POCG_96,POCG_96,POCG_96,mean,mean,mean,mean,POCG_96,POCG_108,POCG_12,POCG_36,mean,POCG_60,POEG_19,POEG_19,POEG_19,POEG_19,POEG_23,POEG_23,POEG_23,POEG_23,POEG_49,POEG_49,POEG_49,POEG_49,POEG_55,POEG_55,POEG_55,POEG_55,POEG_7,POEG_7,POEG_7,POEG_7,mean,mean,mean,mean,POEG_55,POEG_7,POEG_23,POEG_49,POEG_19,mean
,df,ddf,dG_f,dG_b,df,ddf,dG_f,dG_b,df,ddf,dG_f,dG_b,df,ddf,dG_f,dG_b,df,ddf,dG_f,dG_b,df,ddf,dG_f,dG_b,diff,diff,diff,diff,diff,diff,df,ddf,dG_f,dG_b,df,ddf,dG_f,dG_b,df,ddf,dG_f,dG_b,df,ddf,dG_f,dG_b,df,ddf,dG_f,dG_b,df,ddf,dG_f,dG_b,diff,diff,diff,diff,diff,diff,df,ddf,dG_f,dG_b,df,ddf,dG_f,dG_b,df,ddf,dG_f,dG_b,df,ddf,dG_f,dG_b,df,ddf,dG_f,dG_b,df,ddf,dG_f,dG_b,diff,diff,diff,diff,diff,diff
0.0125,5.492653306718536,0.05362896724341837,5.330410949266893,-5.54028245366917,5.341657293317275,0.060508872336614235,5.014044865866724,-5.398550567476402,5.3563287581655725,0.059230599846797155,5.560530812596994,-5.341749354833084,5.74567716743442,0.08534279733919492,5.473709576649425,-5.724850986501478,5.479026027560397,0.04312761025529325,5.357656033265776,-5.528548518403222,5.48306851063924,0.060367769404263596,5.347270447529162,-5.506796376176672,-0.3845057016096778,-0.17089248513744604,0.21878145776391023,-0.20987150440227698,-0.25114140985205324,-0.15952592864750947,5.888097163762777,0.06859714423574628,5.596794536222744,-5.945515684659595,5.671602930439417,0.07738877406908425,5.431967763901231,-5.487743129236205,5.969918867689574,0.06120925664858831,5.719258857351914,-6.134665604031498,5.567958570300143,0.09404390264329633,6.000640275185483,-5.698083181017488,5.544010554857047,0.07847194824711692,5.28307347229584,-5.649261821791773,5.728317617409791,0.07594220516876642,5.606346980991442,-5.783053884147312,-0.3661883494959337,-0.34872114843685154,-0.055775365334973515,-0.4154067466795839,-0.17670690315586945,0.30255709416799537,6.97115591976207,0.10860117317299735,7.020363138744617,-6.742656983060814,6.807605279015157,0.11073664581725508,6.649533902088378,-6.441676911735765,6.9502623265515835,0.13031681313567495,6.104912852421033,-7.128160558477044,6.995419188894591,0.08670089568267197,6.58805959784058,-7.093405830607445,7.338921767896356,0.1156598709065908,6.457466920141073,-7.580214432566056,7.012672896423952,0.11040307974303802,6.564067282247137,-6.997222943289425,-0.5053462327668647,-1.1227475124249828,0.20785699035261285,-1.0232477060560115,0.27770615568380297,-0.43315566104228775
0.0375,4.640767284038308,0.06328978666234225,4.585561200702943,-4.820830638447583,4.6974244125161615,0.052631940678723906,4.82806267541606,-4.735510503389019,4.653788055139247,0.0371341988302671,4.66473608416043,-4.625499548280969,4.919595314648134,0.044304205994329,4.722771986963418,-4.922365622603325,4.716638858548312,0.036667986499390924,4.868821245805511,-4.7827425447786345,4.7256427849780325,0.04680562373301063,4.733990638609673,-4.777389771499906,0.09255217202704102,0.0860787010268762,0.03923653587946152,-0.23526943774463938,-0.19959363563990706,-0.043399132890233005,5.098797779028268,0.059667936015210456,5.469651671935991,-5.039162665253329,5.01460592614142,0.0754810721955696,4.8890671497567855,-4.9525211035723595,5.024550680530173,0.04711787025210818,4.878179829127472,-5.125302859964859,4.743019675207355,0.11224977275646363,4.844770327772345,-4.548404733169052,4.238961827720953,0.09298585414333516,3.9656498536604814,-4.317535331592198,4.823987177725633,0.07750050107253739,4.809463766450614,-4.79658533871036,-0.3518854779317162,0.4304890066826621,-0.06345395381557406,-0.24712303083738707,0.012878427740254494,0.2963655946032926,5.356536312389596,0.13220293879738726,4.625132305008396,-5.49977838026467,5.608511305790746,0.2181712105542168,4.570060474678468,-5.894304635310165,4.620169355514274,0.18863015541382752,4.558110019512884,-4.771433110148792,5.539164119487669,0.1683070830929275,5.7718621563186225,-5.305971385968123,5.431399470899518,0.2091885372569193,5.400319651585615,-5.658835642149716,5.311156112816361,0.1832999850230557,4.985096921420797,-5.426064630768293,0.46589077035049975,-0.258515990564101,-1.3242441606316975,-0.21332309063590849,-0.8746460752562735,-0.44096770934749596
0.0625,4.241565344964209,0.054236091027572986,4.306327923620251,-4.144236307357919,4.227445966614994,0.0470095561639551,4.085958314786235,-4.281355972451591,4.322602467351376,0.030857210583739768,4.3747829843209,-4.250968078411172,4.341652856205572,0.050334118188640635,4.215315815214082,-4.399354189804086,4.196337719783653,0.03990358600105468,4.171432352222905,-4.242217997529882,4.265920870983961,0.044468112392992636,4.230763478032875,-4.26362650911093,-0.19539765766535577,-0.07078564530697662,0.12381490590972799,0.16209161626233204,-0.1840383745900036,-0.03286303107805466,4.357817428013853,0.16336102868396613,4.077340523769282,-4.403457069194288,4.328987733940835,0.0780078099980279,4.158438945390743,-4.418159862302925,4.247832955519652,0.05233734857862997,4.086878194932515,-4.296190025406869,4.26336262241917,0.14013533127274705,4.131052958431691,-4.17753980784147,3.591147682393165,0.05791810130243704,4.098997552259233,-3.3708226882495924,4.157829684457335,0.09835192396716161,4.110541634956692,-4.133233890599029,0.7281748640096404,-0.32611654542500634,-0.25972091691218235,-0.20931183047435375,-0.02269225564233679,-0.04648684940977876,3.7353557682114555,0.06911629401948031,3.534856262286142,-3.7230845438797227,3.5960096670921486,0.3242427906101528,2.8533694977350716,-3.9647581399258685,3.7850797555874984,0.08666785153772408,4.607860500445368,-3.544108030642544,3.9737620761584362,0.10598484500111287,3.533316371785286,-4.1619240291294375,3.9495346666832862,0.14267451769347997,3.6290260705015056,-4.0906111138409065,3.8079483867465655,0.14573725977239,3.631685740550675,-3.896897171483696,-0.6286076573441517,-0.46158504333940087,-1.1113886421907968,1.0637524698028242,-0.18822828159358052,-0.26521143093302113
0.0875,3.705093529230729,0.05436212550896603,3.8984059398457003,-3.6542569413296393,3.604954803205132,0.04833741906866925,3.4959423620056476,-3.676022787250636,3.8543962559435756,0.03543372315423373,3.629563279458321,-3.9252705552767875,3.8023136152492265,0.06481063789021091,3.689027410487242,-3.8917812756989636,3.703624855151723,0.04939762012951362,3.7147508746320224,-3.6676859625816016,3.7340766117560777,0.05046830515031871,3.685537973285787,-3.7630035044275254,-0.18008042524498835,0.04706491205042074,-0.29570727581846645,0.24414899851606098,-0.20275386521172178,-0.07746553114173826,3.614115435247896,0.04620720895977619,3.5845486605524237,-3.3995614844144315,3.547647316800952,0.06003605180227847,3.3936516937738577,-3.640519248498315,3.2595163143572,0.03759671980132278,3.224104832502061,-3.3617563272549913,3.445107362523482,0.0619933877482575,3.20375085028218,-3.8264801920033467,3.53275497886331,0.04564884150181668,3.548492089683918,-3.339172107753666,3.479828281558568,0.05029644196269032,3.390909625358888,-3.51349787198495,0.20931998193025203,0.1849871761379922,-0.24686755472445743,-0.13765149475293015,-0.12258824662606216,-0.6227293417211666,3.0835637161044542,0.051966399419191185,3.03690775381196,-3.0949755506948273,2.503451955694399,0.05434711069997978,2.4814179499133107,-2.687325623472668,3.148899494566322,0.13239110186400135,2.691180577927477,-3.62168429040191,2.926285043048071,0.08088946572997369,2.8329130391180812,-3.128640354327834,3.091449241580066,0.052832903532175436,3.0096755126840544,-3.190062227135804,2.9507298901986623,0.07448539624906429,2.810418966690977,-3.144537609206609,-0.2957273152097528,-0.1803867144517497,-0.20590767355935746,-0.9305037124744331,-0.05806779688286712,-0.33411864251563195
0.1125,3.4783410113039004,0.0429918254987446,3.6813020138926906,-3.327116558986253,3.306734554155319,0.04041343503206111,3.3225666963936145,-3.136305903822969,3.292524162686346,0.03417706874221567,3.3035064843617388,-3.2926714279172646,3.222686138020699,0.07196465005098122,2.713812645934542,-3.3061952839569613,3.216555194594932,0.04383413944171953,3.0802938539919693,-3.4106561998767475,3.3033682121522396,0.04667622375314443,3.220296338914911,-3.2945890749120395,0.18626079257064543,-0.3303623458847782,0.010835056444474134,0.3541854549064376,-0.5923826380224191,-0.07429273599712838,3.2103432444391258,0.03524948652525889,2.631828478939311,-3.2503515956490583,2.9239437205690004,0.059897842831430494,2.7073850292029435,-3.139048927266206,2.8860120670882186,0.02336132816247796,3.0570128700210946,-2.844689314808906,2.9544781218406055,0.04016254614293025,3.0103962811867713,-2.9230036637113663,3.1810292455635634,0.03071859254905648,3.193238189922583,-3.1945147535427862,3.0311612799001026,0.037877959242230815,2.9199721698545407,-3.070321650995665,-0.0012765636202032304,-0.6185231167097474,-0.43166389806326233,0.2123235552121887,-0.15034948114112412,0.08739261747540494,2.5447731137602942,0.07633262327664653,2.9691682976309743,-2.486432368638144,2.155556193506692,0.03916999723349541,2.2113220562414844,-2.1491689738776287,2.4442709341240287,0.05178704740531855,2.591318662720927,-2.3968918031772684,2.3120600370371975,0.08330267839238141,2.203730895261491,-2.2527320200830445,2.692662766094106,0.03282487452709272,2.9994334308854227,-2.6802213269904507,2.4298646089044635,0.05668344416698692,2.5949946685480603,-2.393089298553307,-0.04900112482155361,0.319212103894972,0.06215308236385564,0.19442685954365846,0.48273592899283013,0.20190536999475306
0.1375,2.9028816123605914,0.04021995248712185,2.7086114527351337,-3.164727953813915,2.6565121666396543,0.03750600590069053,2.066641430075416,-2.97611912525592,2.8525680625573457,0.03598437738308499,2.4159940329481766,-2.936756853242333,2.8060751402328306,0.07151862371049299,3.6904220059242614,-2.3500169548639387,2.5251992102600935,0.0431932600964466,2.1708777382809488,-2.681104718081953,2.7486472384101033,0.045684443915567384,2.6105093319927875,-2.8217451210516122,-0.9094776951805041,-0.5102269798010042,-0.5207628202941565,-0.4561165010787813,1.3404050510603227,-0.21123578905882479,2.4891213386869895,0.06791565567278912,2.526646193884169,-2.5732678177799913,2.298794691167318,0.049819982629690535,2.4467869944126557,-2.1568027950964943,2.5502160542183785,0.035295610626816146,2.3873319066973173,-2.6189846482209607,2.647088843847688,0.05163440076238231,2.5610368445494,-2.7120957397122525,2.511880816548033,0.04479242263364745,2.1003649093049357,-2.690020295608811,2.4994203488936813,0.04989161446506511,2.404433369769696,-2.5502342592837017,-0.5896553863038752,-0.04662162389582214,0.2899841993161614,-0.23165274152364335,-0.14580088951400594,-0.15105889516285265,2.295764445002635,0.04988255021261031,2.2889139089913497,-2.0652462876254956,1.9337102092091907,0.06654979521740886,2.001991279894439,-1.8989633814893336,2.236768494265901,0.08083509297715961,3.018476419460527,-2.1239692640665475,2.349104035329187,0.03435500904891872,2.4728875409050546,-1.75542485449779,2.3741433669396677,0.060709780978256175,3.0359890534594145,-2.367849547931845,2.2378981101493163,0.05846644568687074,2.5636516405421568,-2.0422906671222023,0.7174626864072646,0.6681395055275696,0.1030278984051054,0.8945071553939794,0.22366762136585416,0.5213609734199545
0.1625,2.3897847813761635,0.02958068966019866,2.373759993063485,-2.4203033855141207,1.753128451301731,0.053804860296151356,1.8871019387941317,-1.7479240032049876,2.3459129340645877,0.04984107335694158,2.3316445019618413,-2.2559905552510475,2.490892064685503,0.04167751391622368,2.6191358105953584,-2.465110872403095,2.158253322258199,0.0382083305428258,2.225392184838244,-2.0060360381208886,2.2275943107372367,0.04262249355446822,2.2874068858506122,-2.179072970898828,0.13917793558914404,0.21935614671735548,0.07565394671079373,-0.04654339245063577,0.1540249381922636,0.10833391495178413,2.1716676976946894,0.07571759147955692,2.0344606412562176,-2.2070087606617794,2.0735429791427307,0.07294925022084606,1.754421976238255,-2.1541273398257577,2.0188468368854418,0.034240297299600916,1.9697273717634147,-2.1511884880361296,2.2289619193298473,0.04506592776129306,2.223246541026258,-2.2741613136467165,1.8702365552728875,0.07698880262022646,1.8678448191608497,-1.8477941201457233,2.0726511976651194,0.060992373876304684,1.969940269888999,-2.1268560044632214,0.02005069901512635,-0.1725481194055618,-0.39970536358750275,-0.18146111627271488,-0.15691573457422248,-0.050914772620458404,2.01109035432884,0.038604843341902305,1.9833575837002946,-2.028523070338946,1.8121455269337363,0.03539504837714368,1.7983084913036937,-1.7296618714469907,1.8634438323859142,0.12393775565224122,1.447004466891115,-2.4559801052123484,2.057939713558007,0.03003751572718529,2.132628531845111,-2.0823051385117597,2.00744374336511,0.12486773134120384,1.7966121218182316,-2.209604060934144,1.9504126341143215,0.07056857888793527,1.8315822391116892,-2.101214849288838,0.05032339333335134,-0.4129919391159125,0.06864661985670306,-1.0089756383212334,-0.0451654866386515,-0.2696326101771489
0.1875,2.0932321705319086,0.027808894729541307,2.0609370093289683,-2.0402271747750897,1.423233371188358,0.1308878574768286,1.300112605695475,-1.297298698382801,1.6320644559038475,0.04495019126581725,1.418250798977227,-1.9220863101477408,1.846596183024157,0.05534277091409489,1.5829009359164419,-2.0914900095645774,1.9300644285351074,0.030991540473529828,1.9809406351951582,-1.8597440951575714,1.7850381218366755,0.05799625097196237,1.668628397022654,-1.8421692576055562,0.0028139073126740577,0.12119654003758673,-0.5038355111705137,0.020709834553878537,-0.5085890736481355,-0.17354086058290208,1.5889379239146377,0.11194003803448124,1.4232603468687697,-1.7369041243032952,1.5311863582040879,0.07699770952402128,1.4776799949314139,-1.4348953976603729,1.5007338925028233,0.03968954671600838,1.229492950249787,-1.5847337041481933,1.8327127534847945,0.036678489174674034,1.955788364999759,-1.8054690461220437,2.0330710029465306,0.053743627535531385,2.048134440058977,-1.584357361391377,1.6973283862105746,0.06380988219694325,1.6268712194217414,-1.6292719267250562,0.4637770786675999,-0.31364377743452554,0.042784597271041,-0.35524075389840615,-0.002400707303314764,0.1503193188777152,1.390541567948985,0.05134077537094002,1.1530522411534236,-1.542332069770046,1.4017323735497789,0.025015792835471604,1.162162768830257,-1.5085477980928692,1.4168197342149218,0.06065122002181523,1.4358333442971802,-1.2587097044306235,1.6886026243118937,0.05500000123139887,1.7352896572000833,-1.6507673133986078,1.4256802139558402,0.08819135400212867,1.4325805207193443,-1.3883578197267192,1.464675302796284,0.05603982869235088,1.3837837064400578,-1.4697429410837732,0.0845223438014755,0.04422270099262504,-0.3463850292626123,0.17712363986655677,-0.38927982861662236,-0.08595923464371547
0.2125,1.807921771642857,0.033273933110598015,1.7006212247241694,-1.836089193878772,0.8573217327260407,0.07649337575842462,0.6869073758530541,-0.9392871232152897,1.023051247615579,0.03644839460754035,0.9308441009916878,-1.1633745860092248,1.2576094863624425,0.038046557181902446,1.3331764448301473,-1.139980998857923,1.7186769852625807,0.037347328679632086,1.7947040498546538,-1.718191592213046,1.3329162447219,0.044321917867619506,1.2892506392507426,-1.359384698834851,-0.2523797473622357,0.07651245764160786,-0.23253048501753704,-0.13546796915460257,0.19319544597222427,-0.07013405958410845,1.0640613128132759,0.05903341035527022,1.0040567986928923,-1.2929934749430314,1.2698859883510298,0.03713963385945151,1.3240477531403168,-1.20342552976006,0.906336188124839,0.06585012729625518,0.8153245140269597,-0.8769688994052439,1.4421378403005507,0.029124743097060462,1.3621842854390285,-1.6166503040000095,1.6504491910987245,0.049221622940531215,1.6919024067276922,-1.6538415779887563,1.2665741041376841,0.04807390750971371,1.2395031516053778,-1.3287759572194202,0.0380608287389359,-0.2889366762501391,0.12062222338025674,-0.061644385378284206,-0.08927280561404238,-0.25446601856098106,0.9344415677220043,0.03057686494553363,0.904150440981078,-0.962665242269273,1.0173914769114474,0.03595034208946609,0.999241719519591,-1.0594019353031021,0.8810722875063965,0.051906138338285404,1.0021776903869237,-1.2351667038903695,1.4462809689663023,0.11962057401772748,1.139032070562265,-1.441762419932345,1.0682617739883147,0.10838165030937819,1.4036676531442918,-0.9413598836884007,1.069489615018893,0.06928711394007817,1.08965391491883,-1.128071237016698,-0.30273034937008014,0.462307769455891,-0.06016021578351116,-0.2329890135034458,-0.05851480128819497,-0.03841732209786808
0.2375,1.2895315348421006,0.06066093478996826,0.7520514562196552,-1.4155636063879422,0.5365558206363389,0.06277114527287751,0.513635318667183,-0.4724986979136929,0.6308275801868387,0.037814372451048565,0.9154726235769056,-0.5219893733849952,1.0209634681747737,0.03658379406316743,0.9852032223661313,-1.0345946110043323,1.3741577337060513,0.0497330318215373,1.229059337847178,-1.4285792186129738,0.9704072275092205,0.04951265567971981,0.8790843917354106,-0.9746451014607873,0.041136620753490116,-0.19951988076579585,0.39348325019191044,-0.663512150168287,-0.04939138863820092,-0.09556070972537667,0.7112806632292313,0.06270726622719787,0.4926785830585153,-0.798861177417111,0.8384247503565809,0.0314822434685207,0.7046615917741706,-0.999217743408286,0.5237089631815102,0.039354246714687284,0.45548493485342695,-0.5980814596622507,1.103159453481436,0.025924033913713954,1.3115852522688045,-1.0815166672266205,1.0960875700846628,0.06841046978765213,1.1542021677263838,-1.0363600892137237,0.8545322800666841,0.04557565202235438,0.8237225059362603,-0.9028074273855984,0.11784207851266015,-0.30618259435859574,-0.2945561516341153,-0.14259652480882373,-0.0790849214493381,0.23006858504218397,0.8832469250461719,0.025397173302873347,1.0644508795995118,-0.7449383507212949,0.6448544566211418,0.043924473819456966,0.6963399018430391,-0.5619824659652998,0.5373480316307344,0.026703105875122903,0.6680205745628196,-0.46599634001730666,0.756488899710906,0.04806758738563011,0.7858351276550822,-0.8304507440743563,0.7420057407772264,0.10070791811234779,0.814801388178767,-0.8769379409731884,0.7127888107572361,0.048960051699086224,0.8058895743678439,-0.6960611683502893,-0.04461561641927403,-0.06213655279442143,0.1343574358777393,0.20202423454551294,0.3195125288782169,0.10982840601755461
0.2625,0.17764141896842903,0.056192919309086584,0.05454580705187076,-0.6436433925795776,-0.1343579317609475,0.07480991255912496,-0.3403678576533496,0.03244312775619564,0.41705761429586174,0.06328937965233443,0.551785359726877,-0.26242053052766445,0.3723730266299615,0.10608896666190229,0.22223066260969473,-0.18733729755283993,0.5192060686597195,0.07407816633575179,0.43171808239551357,-0.2899903714970897,0.2703840393586049,0.07489186890364001,0.1839824108261213,-0.27018969288019523,-0.30792472989715397,0.14172771089842384,0.2893648291992126,-0.5890975855277069,0.03489336505685481,-0.08620728205407394,-0.3748586199626286,0.036302937329946154,-0.4098726770952749,-0.14464634758260803,0.050844505519885716,0.04455979350312791,-0.37564227700158354,-0.07677213304540939,-0.16194408511869143,0.04246166316667482,-0.35180050552761094,-0.02304291958522639,0.22043334187866873,0.05471701963404076,0.26387314326398503,-0.23449286039368472,0.21756828583282528,0.06290187152115664,0.44345315146002895,-0.18112481184586166,-0.009591314369988058,0.048188657030989256,-0.08599783298009109,-0.13201581449055805,0.2623283396141673,-0.5545190246778829,-0.4524144100469929,-0.3748434251128373,-0.21801364747064914,0.02938028287030031,0.6423179049847573,0.030941998759259737,0.5477214869633312,-0.741156345835536,0.47103073565074266,0.0377776419480512,0.5028365510870543,-0.3566264161716309,0.3990821586611412,0.021738473690552988,0.3488844554952465,-0.44161125321736655,0.486414713093775,0.036607816990861915,0.5657789410074052,-0.5185306179766688,0.5296913271214397,0.06108057780740286,0.5248548052844059,-0.11899536749069202,0.5057073679023711,0.037629301839225734,0.4980152479674886,-0.4353840001383789,0.04724832303073645,0.40585943779371386,0.1462101349154234,-0.09272679772212006,-0.1934348588722048,0.06263124782910967
0.2875,-0.13170323823814162,0.029627498562003862,-0.11523956887478369,0.2030651055608109,-0.42198278325822336,0.06469414205098266,-0.18846343795605017,0.5252130128245733,-0.1118106448881371,0.03600595015816063,-0.2206748771981599,-0.032765727668232346,-0.22654370130116086,0.038337655840274265,-0.0728123787121037,0.2558331214804702,0.00558904513691115,0.02764633867294754,0.057239561365998774,-0.04681702532127468,-0.17729026450975036,0.03926231705687379,-0.10799014027501974,0.1809056973752695,0.3367495748685232,0.010422536044724096,-0.25344060486639225,0.0878255366860272,0.1830207427683665,0.07291555710024974,-0.5815107150558436,0.0258983204942029,-0.3252643743197566,0.6221881483251798,-0.20254425718393168,0.08532760134082602,-0.055792314433192644,0.6342183029366018,-0.44597037085251534,0.04336590759642394,-0.12390861551374417,0.6354826878170804,-0.12799662195084313,0.06718559771568021,0.5285942157415154,0.2417901834584051,-0.27973878930583496,0.06083132184058953,-0.3294271627921129,0.27269722877090374,-0.3275521508697937,0.05652174979754452,-0.061159650263458175,0.4812753102616341,-0.05672993402120918,0.2969237740054232,0.5784259885034091,0.5115740723033362,0.42011565999817596,0.7703843991999205,0.3872195681915092,0.027080009974449756,0.4554323419216624,-0.3524786917034535,-0.11522888856647195,0.022249108352630508,-0.2497723591099864,-0.13556067551026615,0.14542113941421586,0.02477200638236206,0.9755349465831854,-0.09490931530521951,0.14412531557393932,0.054810212860451527,0.0318547432977177,-0.18697652836616704,0.14833135963995628,0.05385511015175246,-0.4300319216019564,-0.290185445513389,0.14197369885062974,0.036553289544329265,0.15660355021812453,-0.21202213127969904,-0.15512178506844934,-0.7202173671153453,-0.3853330346202526,0.8806256312779659,0.1029536502182089,-0.05541858106157452
0.3125,-0.3248395897216683,0.028331598809179855,-0.4284428308568801,0.2841351064773572,-0.4716607923284129,0.051483341810520694,-0.5096744342693331,0.4386281978566267,-0.39515915659661205,0.02903957853550076,-0.2816646379012097,0.4196304612256255,-0.354229061183649,0.025928702254729902,-0.3284048229523515,0.22814446183883358,-0.25595766389610675,0.026721499226084938,-0.3595217163754033,0.21305574633424793,-0.3603692527452898,0.03230094412720323,-0.38154168847103553,0.31671879474653813,-0.07104623641270641,-0.14646597004115539,0.13796582332441576,-0.14430772437952294,-0.10026036111351794,-0.0648228937244974,-0.48642703244867397,0.04500989385162384,-0.4988313031491576,0.5074175252520572,-0.6693207287544292,0.033752994512659645,-0.7802972072403568,0.583240199806866,-0.8134980617178549,0.0343196238173814,-0.9191583645933146,0.4789104020990448,-0.213778291911734,0.0724814085506183,-0.346432935899556,-0.5958577520721278,-0.2941440220370327,0.028437038701587126,-0.3331078442787828,0.39244414962806806,-0.4954336273739449,0.042800191886774065,-0.5755655310322336,0.2732309049427816,0.059336305349285245,0.00858622210289961,-0.19705700743349075,-0.4402479624942698,-0.302334626089452,-0.9422906879716837,0.13422781084653684,0.025199790304367895,0.016430539398095186,-0.25898057160819127,-0.37366216085698056,0.02009860688356789,-0.4617640003807529,0.36574396034053563,0.1487988032300282,0.06564584433788886,-0.17589014180810836,-0.473141654244493,-0.19789277902435062,0.05425820199873483,-0.345239716730485,0.07737931280170984,-0.35820444887285696,0.09514848884008295,-0.36608316318184836,0.5748050295603206,-0.12934655493552463,0.05207018647292849,-0.2665092965406199,0.05716121536997637,-0.26786040392877514,0.2087218663784723,-0.09602004004021725,-0.6490317960526013,-0.24255003221009608,-0.20934808117064352
0.3375,-0.5996931487735117,0.046432210596649134,-0.6445201210481342,0.5371924181553259,-0.6559799628864814,0.024713422940498022,-0.6750571504223122,0.5231057146644361,-0.5756345865653801,0.032422724142952164,-0.6691779336599847,0.44204012351924327,-0.5333314235961051,0.012609507397355939,-0.4973437978511292,0.5252111341332015,-0.5622870345236053,0.02127080705175408,-0.5517158857388991,0.5123816714493398,-0.5853852312690168,0.027489734425841867,-0.6075629777440918,0.5079862123843093,-0.15195143575787606,-0.0393342142895593,-0.22713781014074141,-0.10732770289280824,0.02786733628207233,-0.09957676535978255,-0.6719245800434664,0.03930080709191694,-0.7516802659397419,0.6069904534320896,-0.8692393875881232,0.026448601670925366,-0.7848526212849201,0.8808739940654676,-1.0108227022467526,0.02256880267479311,-0.906849878584952,1.1388059372761745,-0.48422563202831415,0.019649295819892637,-0.45464699210360227,0.6504787029277312,-0.5668139849085438,0.019226957887878534,-0.688478302417667,0.5048807077073358,-0.72060525736304,0.025438893029081318,-0.7173016120661767,0.7564059590817598,-0.1835975947103312,-0.14468981250765234,0.09602137278054756,0.2319560586912225,0.039104347015583074,0.19583171082412898,-0.2097051028780074,0.03314653634183574,-0.3659892727266667,0.1411604577199383,-0.6161911443723924,0.036062118081908456,-0.7416687651750942,0.6028658059577168,-0.24988548309027708,0.0476586388749319,-0.1639862632581099,0.2999352297347424,-0.30670257704910375,0.0410136979782864,-0.3826895632294036,0.2731717327208168,-0.4916507678789232,0.05460810514285787,-0.5719589221325312,0.479315083136622,-0.3748270150537408,0.04249781928396407,-0.44525855730436115,0.35928966185396727,-0.10951783050858682,-0.09264383899590917,-0.1388029592173774,0.13594896647663252,-0.2248288150067284,-0.08596889545039388
0.3625,-0.5100013721917913,0.024295121171954006,-0.515601360222088,0.6024448411054337,-0.6923094417780217,0.01956332407592632,-0.68597014537602,0.6952562095808759,-0.5764874583416689,0.02134700067139856,-0.586976440316625,0.6389646738856093,-0.5476255092594671,0.014626294105597307,-0.5983164937120957,0.5069499308434626,-0.5644734377767192,0.014335680679591688,-0.575842391520501,0.5184226196822251,-0.5781794438695337,0.018833484140893576,-0.592541366229466,0.5924076550195214,0.009286064204855893,-0.057419771838275846,0.0519882335689843,0.0868434808833457,-0.0913665628686331,-0.00013371120994454255,-0.9024875362767268,0.02715018704867318,-0.9557042433252256,0.8564198272853257,-0.8355454138756374,0.032690688689932045,-0.8979890205698271,0.8026039850821434,-0.8421699895026432,0.02452227081831254,-0.8311884057724405,0.8663331947127744,-0.5150627559447701,0.01782486977102496,-0.501959029337966,0.49499609827907043,-0.6497603884966283,0.01808795383664357,-0.6541528179444788,0.6785257921087873,-0.7490052168192812,0.02405519403291726,-0.7681987033899876,0.7397757794936203,0.024372974164308503,-0.0992844160398999,-0.09538503548768373,0.035144788940333904,-0.028422923896367358,-0.006962931058895561,-0.4843487628389475,0.05151738217792647,-0.6675355397102337,0.3459840448844847,-0.5402585211571402,0.052647536782636666,-0.46389947611158067,0.7758559984093665,-0.4067264117619923,0.040513120057422185,-0.4476087821189284,0.3513391144330891,-0.45209357835833713,0.04605418422216706,-0.35113102039718985,0.38086937329109616,-0.46142705528512423,0.04595876195497394,-0.49463876810362617,0.45079405275386863,-0.4689708658803083,0.04733819703902527,-0.48496271728831175,0.460968516754381,0.029738352893906306,-0.043844715349757535,0.3119565222977858,-0.09626966768583933,-0.321551494825749,-0.023994200533930754
0.3875,-0.4558255406959107,0.017576928033180284,-0.36241119759642887,0.5085238475238915,-0.6957883406483433,0.031801906134855465,-0.8668593697385842,0.6216363409657535,-0.5330176643966275,0.016311348877934898,-0.5340140177616214,0.5304164565574375,-0.5531538885017202,0.018984362173728182,-0.4677874688191621,0.5499680443835835,-0.5860874965092815,0.01571218578674468,-0.6369854660348808,0.5578810754158533,-0.5647745861503767,0.020077346201288704,-0.5736115039901355,0.5536851529693039,-0.24522302877283075,-0.07910439061902752,-0.0035975612041838634,0.1461126499274626,0.08218057556442138,-0.019926351020831623,-1.1009666788027572,0.024155541041676026,-1.2191948198820244,0.9975720859505502,-0.9873953120501716,0.038337474837201325,-0.8628948644035394,0.9330568698708182,-0.8783261389173878,0.031630957869508994,-0.8202155377145263,0.9008147912956642,-0.6797988617077195,0.02576292486839744,-0.6753636598290944,0.6372605640135195,-0.6821831726485138,0.01691442274098483,-0.7124116038715884,0.6397479808515575,-0.8657340328253099,0.027360264271553726,-0.8580160971401545,0.8216904583964219,-0.07266362302003093,-0.22162273393147414,0.0701620054672788,0.08059925358113795,-0.036325638743732624,-0.03810309581557492,-0.4760452017879878,0.04460901551098142,-0.11202446038394409,0.5912559818640669,-0.5372899151255374,0.047726730229199946,-0.21115322688697452,0.6188158461416589,-0.4088517874970448,0.03563245583595945,-0.4260359691988504,0.37591314596692604,-0.5787323039174672,0.05754654307377906,-0.4668724731899565,0.6157722709078833,-0.38606390551853215,0.07432491433207346,-0.6079710706951196,0.4873099147212162,-0.4773966227693139,0.05196793179639866,-0.364811440070969,0.5378134319203502,0.14889979771792683,-0.12066115597390337,0.40766261925468433,-0.05012282323192435,0.4792315214801228,0.17300199184938125
0.4125,-0.21089841355082545,0.01977306437081089,-0.23249788758003115,0.2828162294291092,-0.5011294597605359,0.025670729759226272,-0.49540560159390284,0.7137732874266487,-0.3946967311821493,0.013429132094427688,-0.33333426505682473,0.452425810829749,-0.3722367561160424,0.04485936958867777,-0.7197644380451202,0.23810748991635933,-0.5123765442651511,0.023962877264057086,-0.6294966489730924,0.4892698860255578,-0.39826758097494086,0.025539034615439937,-0.4820997682497943,0.43527854072548483,0.21836768583274585,-0.1402267629475346,0.11909154577292425,0.050318341849078074,-0.4816569481287609,-0.04682122752430945,-1.2270899941542208,0.03276974596183296,-1.209235458345199,1.218919403385699,-1.2946207693367753,0.04112757778615385,-1.5642378024563597,1.041053504498156,-1.1491699439502208,0.0469001968726696,-1.27018102212314,0.7409364242277171,-1.0860407408969424,0.02567040074003463,-1.391411133386248,0.7226572852878026,-0.6043122390006819,0.02705397219726348,-0.4919343994322657,0.6281963460983069,-1.0722467374677682,0.0347043787115909,-1.1853999631486425,0.8703525926995361,0.1362619466660412,0.009683945040499964,-0.5231842979582038,-0.5292445978954229,-0.31504737044910636,-0.6687538480984454,-0.20617899693783465,0.034800354652076995,-0.16016631997736905,0.11306904594798246,-0.7833128872470757,0.0515222350723673,-0.9012263657611942,0.4764988617498824,-0.3607280225542764,0.05228841920549611,-0.30985451799388963,0.33386797233915566,-0.18139941750868377,0.06323015844751464,0.17603575922722656,0.3410986010851837,-0.38446355117079617,0.06226409170771956,-0.42943173109385796,0.4084599468419801,-0.3832165750837333,0.05282105181703491,-0.32492863511981684,0.33459888559283685,0.5171343603124102,-0.020971784251877845,-0.4247275040113118,0.024013454345266028,-0.047097274029386585,0.009670250473020003
0.4375,-0.07950556284368387,0.017010851959236732,-0.0756534585852005,0.05496226704725158,-0.18801312094173678,0.016019739803263704,-0.02247879966773979,0.3185889834311959,-0.12298953491180228,0.018884633092076313,-0.0010255997168976297,0.12131020709257394,-0.14764144278108746,0.02238237704077471,-0.11078892660230409,0.5624880553796645,-0.0825029151700628,0.03972230537115191,-0.02609133662500458,0.35451828737179675,-0.12413051532967465,0.022803981453300676,-0.04720762423942931,0.28237356006449654,0.2961101837634561,0.3284269507467922,0.12028460737567631,-0.020691191537948926,0.4516991287773604,0.23516593582506723,-0.9893657803227589,0.04478788866452764,-1.0236543037673684,1.0292460775707533,-1.159084758198218,0.032896359001424215,-0.9026237611190155,1.358132116137035,-0.7414312144354767,0.02286230453533651,-0.6126841682092965,1.147931960096369,-1.130663356246456,0.01977452170345091,-0.9992812406368997,1.257840554856053,-0.3874340828034768,0.05412613194980892,-0.5644415530620773,0.347113519203653,-0.8815958384012774,0.03488944117090964,-0.8205370053589315,1.0280528455727727,-0.2173280338584243,0.005591773803384825,0.45550835501801945,0.5352477918870726,0.20751584021384117,0.25855931421915324,-0.19860721460227093,0.02709607759119149,-0.3129029919454888,0.09583460914941466,-0.6273085180254913,0.029147738215244787,-0.34504621174750233,0.8875422353824427,-0.4538841018843194,0.05996671785104205,-0.13022714891580572,0.4254649296237217,-0.0548138155090393,0.054628696747696326,-0.18045562296628112,9.088534667761078e-05,-0.35055167681789645,0.06078851031679876,-0.47170491827058836,0.25822389075401375,-0.3370330653678035,0.04632554814439468,-0.28806737876913324,0.3334313100512541,-0.1803647376196035,-0.2134810275165746,0.5424960236349403,0.29523778070791595,-0.21706838279607416,0.04536393128212085
0.4625,0.16568251129285044,0.014565236148791913,0.16438659268637018,-0.13429390294442453,0.1677208471189155,0.02669047433452132,-0.26543676983996606,-0.28469309224534056,-0.05205755712510965,0.03355920052067839,-0.06905757488632353,-0.06094564674763443,0.16315785052158915,0.016288385098667386,0.07606372988555014,-0.2312734756583184,0.2175431041097767,0.025851792700561493,0.2581069048076001,-0.14416917294848722,0.13240935118360445,0.0233910177606441,0.032812576530646176,-0.17107505810884102,-0.5501298620853066,0.1139377318591129,-0.13000322163395794,0.03009268974194565,-0.15520974577276825,-0.13826248157819485,-0.8899861574894873,0.030559670489206596,-1.0301070295434531,0.7085704303571595,-0.9735634936372457,0.034561713848187396,-1.1755006360052498,0.7773720780594667,-0.6252832641764214,0.02303242256710636,-0.8540728317638602,0.4589150622211232,-0.7162393307016514,0.019925426639287907,-0.6372812582783043,0.8561904190807702,-0.6083123870693059,0.040176128743473566,-0.7544175475253826,0.29014220241885247,-0.7626769266148223,0.029651072457452365,-0.8902758606232499,0.6182380384274744,-0.4642753451065301,-0.3215365991862936,-0.39812855794578306,-0.39515776954273696,-0.27203782219577555,0.21890916080246592,-0.09914559858418312,0.04096648478037889,0.0008937068586041389,0.153521778689641,-0.44164954773341253,0.029660763146958934,-0.5192380842090315,0.3246650164040248,-0.5217099997844107,0.04703814498222402,-0.4635154003391022,0.5057209934353344,-0.1691781809211756,0.04952222511251819,-0.5055517576496773,-0.028131230451336933,-0.035239390377244995,0.09474751927949036,0.2105474630270812,-0.10298836222090837,-0.2533845434800854,0.05238702746031408,-0.25537281446242516,0.17055763917135097,-0.5336829881010142,0.10755910080617281,-0.19457306780500672,0.042205593096232175,0.15441548554824513,-0.08481517529107419
0.4875,0.49208813363798215,0.016981690080201516,0.5199332356445207,-0.47800457032800936,0.017937787325370325,0.033819763823035816,-0.09087789570398976,-0.10263310349557411,0.142476107984846,0.024109698564813646,-0.12243560937928798,-0.2299644288788292,0.49993392535161607,0.017842896394023814,0.5486194399664501,-0.459487651200587,0.4373917508825505,0.029568524295367552,0.29458598577122014,-0.4328297001146517,0.31796554103647295,0.024464514631488465,0.22996503125978265,-0.34058389080353024,-0.19351099919956388,-0.13824371434343158,-0.35240003825811717,0.04192866531651129,0.08913178876586314,-0.11061885954374759,-0.5381147675018175,0.022249284081164934,-0.42376457156997765,0.5822342243402132,-0.8602878687610521,0.03743993928712805,-0.8179850218536782,0.8822739293950056,-0.5985065464258832,0.03976012439683857,-1.12140075150443,0.4770356713810685,-0.7220024306492785,0.025487729488099884,-1.2236027994482,0.45237210558781676,-0.5384055151071361,0.03358245209409237,-0.218720617806643,0.5601215925728905,-0.6514634256890335,0.03170390586946476,-0.7610947524365858,0.5908075046553989,0.34140097476624753,0.15846965277023556,0.06428890754132743,-0.6443650801233615,-0.17028724778118687,-0.7712306938603832,-0.01679714654366818,0.05604524715853847,0.14181985019209925,-0.06840722444487972,-0.42423058668346625,0.02753420759588164,-0.31922131887550886,0.4610410243692736,-0.2043105396491763,0.029509477897156546,-0.19326013776194445,0.2962446763437846,-0.07478934881896608,0.06087533253540133,-0.1557873420627838,0.06679110242782399,-0.07943731800474847,0.0980727242440074,-0.15639682873989103,0.0724469758538555,-0.15991298794000505,0.054407397886197084,-0.13656915544960577,0.16562331090997157,-0.08899623963495981,-0.08394985288603553,0.14181970549376471,0.10298453858184015,0.07341262574721953,0.0290541554603658
0.5125,-0.7295638024344938,0.037707969949176134,-0.7683956407146751,0.5846280015279389,-0.7326941510346702,0.04569576222242698,-0.8563199381875407,0.9142713551656587,-0.6932039568176772,0.05927839019833299,-0.5863371721836945,0.7278730653937397,-0.8323727186993655,0.025465710399295204,-0.9072811280121281,0.789841665658136,-0.8175093396196236,0.062082015312167595,-0.9274222106582266,0.6456878965324527,-0.761068793721166,0.04604596961627978,-0.8091512179512531,0.7324603968555852,0.05795141697811801,-0.2817343141257739,0.14153589321004523,-0.18376763918673622,-0.11743946235399216,-0.07669082109566794,-1.4627727135295154,0.03262118112857134,-1.569259722478303,1.3159410191608485,-1.3410312575519814,0.047350820530131725,-1.2857688199015815,1.314784078548562,-1.6869256917987212,0.0544646999404005,-1.7265565280694102,1.5444001669667247,-1.5835471199377327,0.041732687653042735,-1.5069610726944318,1.5760484077731187,-1.5568776224932774,0.0520204540942662,-1.8610920246049998,1.012855858151221,-1.5262308810622458,0.045637968669282505,-1.5899276335497454,1.352805906120095,-0.8482361664537788,-0.25331870331745443,0.029015258646980513,-0.18215636110268552,-0.23712172742965043,0.06908733507868692,-0.8281279621779252,0.035631526289587205,-0.7733947415651868,0.838957120011679,-1.071019043339566,0.030449575086409785,-0.9008525677186672,1.1372101677083408,-1.2142410715798317,0.025916482923670454,-1.4255172711376896,1.0147048283506859,-0.9752147631572996,0.07361195119378487,-1.0242820746160533,1.0039996156279283,-1.1617029821384257,0.04567982848693242,-1.2343745735650602,1.2149873816923624,-1.0500611644786095,0.04225787279607694,-1.0716842457205313,1.041971822678199,-0.020282458988124974,-0.019387191872697773,0.23635759998967365,-0.4108124427870037,0.06556237844649215,-0.029712423042332237
0.5375,-0.33373124798694936,0.039496151728881275,-0.29960658452961686,0.35735984863367404,-0.4513284955300617,0.037147477736265255,-0.42433420852440784,0.3851737105403762,-0.25864734352027813,0.04899290387550831,-0.2159347126290022,0.23832875031452033,-0.40272229024262013,0.024028456645414423,-0.33683417034928154,0.5593916267959491,-0.6393445741326231,0.061180640041952915,-0.7188296589385194,0.3859948383169163,-0.41715479028250646,0.042169126005604435,-0.39910786699416556,0.38524975492028724,-0.03916049798403165,-0.3328348206216031,0.02239403768551812,0.05775326410405718,0.22255745644666758,-0.013858112073878326,-1.3534032850675173,0.03968626376246734,-1.362054040523228,1.6547616620541945,-1.0151615173078357,0.04573858124113135,-0.9013877258084524,1.0510958007633406,-1.3774521156107895,0.05000276218978202,-1.0277988758056003,1.5112435238860658,-1.1757525225547636,0.04350159130565159,-1.1115903910745473,1.159861133371096,-1.5155436698552958,0.03248439502384055,-1.5289565646203302,1.4493080057086054,-1.2874626220792404,0.04228271870457457,-1.1863575195664315,1.3652540251566605,-0.07964855891172484,0.2927076215309665,0.14970807495488825,0.4834446480804655,0.17889650559022896,0.04827074229654871,-0.8879462762013732,0.04520605162335706,-1.0104415031442926,0.8481863322096869,-0.803105386558017,0.04973294241432519,-0.7057170753100998,0.7910432718080052,-1.1507904392901829,0.03367505837088595,-0.9763599184491697,1.262454976777481,-0.9520328616778029,0.1358759114255796,-1.1835709298383585,0.9468436520620588,-0.8974716028216837,0.036328092391486315,-0.7346385375714372,1.010951457283913,-0.9382693133098119,0.06016361124512683,-0.9221455928626716,0.9718959380282289,-0.23672727777629976,0.27631291971247574,0.0853261964979054,0.2860950583283114,-0.16225517093460573,0.04975034516555732
0.5625,-0.10706585153978368,0.03201753140002997,-0.3037261471946184,-0.11823650705911755,-0.04936962899495621,0.03259554237160431,-0.06873270722241832,0.058929020625259766,-0.224001888410146,0.05162389408923428,-0.3155734653839103,0.046880469542665816,-0.14827750731272407,0.02616571722349066,-0.3856280037075491,-0.0504733708776012,-0.4829109076443427,0.039904002409622594,-0.5097912555657093,0.49837367016446893,-0.20232515678039054,0.03646133749879636,-0.31669031581484114,0.08709465647913514,-0.009803686597158558,-0.011417585401240327,-0.26869299584124445,-0.4219626542537359,-0.4361013745851503,-0.229595659335706,-1.1937978092231016,0.038305913211354264,-1.208888966813655,1.2503571006541805,-0.9200670254008413,0.04802724557677095,-1.002020689760078,0.8945957128207128,-0.9923902502315007,0.05932008520485403,-0.8485285878139591,1.0314437008015416,-1.0545860488177754,0.06885748767710627,-1.0757564850091264,1.2115473343131435,-1.1914459415663883,0.037582834957804706,-1.109962394492462,1.233806391795134,-1.0704574150479214,0.050418713325578034,-1.0490314247778563,1.1243500480769424,0.12384399730267215,0.04146813384052539,-0.10742497693936526,0.18291511298758245,0.07531862329908612,0.1357908493040172,-0.9020825671310653,0.04226343837192774,-0.903119297011388,0.9366945203075431,-0.8578372750140534,0.0878822127756177,-1.2676301885760697,0.7259952924367927,-0.8238520401152124,0.07450481115284632,-0.8525913668374071,0.8243189973053627,-1.0170557821780146,0.03772552568925881,-1.0206166680212487,1.0196644837029116,-0.6162768137729376,0.04102920702634748,-0.5800734320616703,0.798833290148425,-0.8434208956422568,0.05668103900319962,-0.9248061905015568,0.8611013167802071,-0.0009521843183371015,0.2187598580867547,-0.541634896139277,-0.028272369532044372,0.03357522329615503,-0.0637048737213497
0.5875,0.0804035595538244,0.03454404094371031,0.3135128080297526,-0.0682705443482696,0.0023403722250975086,0.028926099078244123,-0.07305829244628896,-0.25221772867637116,0.15880787649639178,0.03248370095862498,0.23610196448456675,0.2787246071683197,-0.1734140650255218,0.02502246296505587,-0.19531862293135466,0.12171504932279571,-0.07682608820122121,0.023667970866120783,-0.02184068142556384,0.2682381633747984,-0.001737668990285865,0.028928854962351213,0.05187943514222239,0.0696379093682546,-0.32527602112266013,0.24639748194923455,0.5148265716528865,0.24524226368148302,-0.07360357360855894,0.121517344510477,-1.0317413948549425,0.03762468689039847,-1.1611334686372612,0.8939502550368388,-1.2170767464905807,0.055309555259262344,-1.540628449064284,0.9030985582059269,-0.9150639866942212,0.038084673957092544,-0.9091787904376901,0.8215916620671266,-0.8043918407493097,0.0765756742342603,-0.6913809383147349,1.1230403549239483,-1.1019399490728359,0.05658782175008562,-1.1230823252590214,1.1256475916464963,-1.014042783572378,0.052836482418219866,-1.0850807943425984,0.9734656843760673,0.002565266387474896,-0.2671832136004224,-0.6375298908583572,-0.08758712837056348,-0.11161510996653112,0.43165941660921336,-0.9782236869378838,0.03101101450584691,-0.9979956734968387,0.8894275659023332,-1.3470330923207887,0.037809542823843315,-1.3370832100951073,1.2926455825509997,-0.9607089239080051,0.05114389250561221,-0.9588334613001933,0.9428572054765196,-1.184605190693561,0.025503917453159927,-1.2551461955236025,0.9519719710213836,-0.7597975341716263,0.08488727851620674,-1.0428050441785053,0.5526650613185067,-1.0460736856063728,0.046071129160933824,-1.1183727169188493,0.9259134772539486,-0.30317422450221887,-0.4901399828599986,-0.04443762754410763,-0.01597625582367368,-0.10856810759450553,-0.19245923966490075
0.6125,0.6099501905814214,0.042157537419394854,0.5682929671122057,-0.4803746322950312,0.16601560578728058,0.029758719044994126,0.32462947348829513,-0.10280616259936066,0.4468470081261436,0.030138155793908203,0.4587560045136552,-0.521717759379097,0.09153676953582865,0.033491002948172664,0.18032313212001624,0.07376960668238497,0.256568664185555,0.022582195872869835,0.3063965443258143,-0.29399288639092536,0.31418364764324586,0.03162552221586794,0.3676796243119973,-0.26502436679640584,0.22182331088893448,0.012403657934888956,-0.06296175486544181,0.08791833481717448,0.25409273880240124,0.10265525751559146,-0.8970549387427011,0.04700256368200529,-0.8447706035438444,0.9271921845967522,-1.0620578384480308,0.0561178996509687,-0.8713489968073952,1.4284798519262465,-0.8505444221907433,0.04616386306760569,-1.2192066631334757,0.7449093122072228,-0.7017060879502466,0.07929544003660408,-0.9919765067954562,0.5398395451650887,-0.7857038949638908,0.050259544786672786,-0.6627877936752677,0.896662736819155,-0.8594134364591227,0.0557678622447713,-0.9180181127910878,0.9074167261428931,0.23387494314388724,0.08242158105290787,0.5571308551188513,-0.4742973509262529,-0.010601386648194655,-0.45213696163036754,-0.9420118673911322,0.030352844293926273,-0.8699339793398192,0.9661499113033597,-1.213669964582152,0.032344303036959725,-1.2129471915850554,1.2592490727404853,-1.0100124908289951,0.033607711421444676,-1.108006678038651,0.8874416236870916,-1.203546483540705,0.03005529249332881,-1.0949382740694236,1.2647652395539366,-1.282861917660136,0.0437818830029748,-1.2991274013593388,0.9577429398860532,-1.1304205448006241,0.034028406849726855,-1.1169907048784578,1.0670697574341852,0.16982696548451304,-0.3413844614732856,0.04630188115542988,-0.2205650543515595,0.0962159319635405,-0.049920947444272556
0.6375,0.6559504696181285,0.0409603269092395,0.5488308011262368,-0.7936780511033384,0.517680940553619,0.03730716096355235,0.7038858675984945,-0.39767969023029726,0.41871040562225187,0.030481901288814808,0.3366107302343196,-0.5734521218529,0.21723887373007997,0.030347732403106106,0.15928362189788808,-0.41010271760286854,0.521105806362041,0.03835060631416908,0.5037995751258363,-0.5301014981516119,0.466137299177224,0.03548954557577637,0.45048211919655506,-0.5410028157882032,0.3062061773681972,-0.02630192302577561,-0.23684139161858037,-0.2448472499771016,-0.25081909570498045,-0.09052069659164813,-0.6767521858009957,0.05643772616472653,-0.6536742463886731,0.6628963970406078,-0.8473755293762878,0.04632881653385972,-0.7859360942748432,0.9728068241786266,-0.9585031369517928,0.04401047401731632,-0.854109119500897,1.280098118872488,-1.078392843070903,0.050385487191089075,-1.1288729485187026,0.9597534307914065,-0.7461218605633035,0.05076568428827575,-0.7569868934074994,0.6690863263152007,-0.8614291111526567,0.04958563763905348,-0.835915860418123,0.908928219439666,-0.08790056709229865,0.009222150651934657,0.1868707299037834,0.42598899937159107,0.0730123590215429,-0.16911951772729605,-0.9771938585655395,0.04551808965933554,-1.066264978402011,0.9365477728822754,-1.215352948475289,0.04239256507751062,-1.2391452298623533,1.3182778347094972,-1.1954523757970523,0.031021244026883638,-1.330416884541295,1.149059657752085,-1.345603462754424,0.03343402048066467,-1.4673115993947718,1.10700905457175,-1.249301214356206,0.027980542946654478,-1.1679447279157738,1.3098474436548184,-1.196580771989702,0.03606929243820979,-1.2542166840232407,1.164148352714085,-0.36030254482302193,0.14190271573904467,0.0791326048471439,-0.18135722678920985,-0.12971720551973565,-0.0900683313091557
0.6625,0.7924686365373422,0.04807939816182852,0.7946844142151536,-0.7869901731250921,0.5153277401791676,0.03666582970233369,0.27304085984852766,-0.8772905072894169,0.5307672757911753,0.036415931664582436,0.5540797610837873,-0.5606303008629105,0.3831058268209853,0.024997403409683403,0.3950981975837668,-0.35516901165558795,0.5241524448628428,0.05424252312391824,0.6263305224032893,-0.4643309580310968,0.5491643848383027,0.04008021721246926,0.528646751026905,-0.608882190192821,-0.6042496474408893,0.16199956437219254,-0.006550539779123232,0.007694241090061449,0.039929185928178845,-0.08023543916591602,-0.5278918763860527,0.05207412400537917,-0.5616523969568096,0.5241882162698952,-0.7476437169833999,0.05558896261960581,-0.8476403715830413,0.6582933600945418,-0.7948488596907846,0.04233310709018311,-0.6747101831138747,0.8003926237934829,-0.9586993096292862,0.03215132659938946,-0.8087570521485551,1.0988316576544779,-0.7225328158550448,0.04520505628177591,-0.7678891528329648,0.7792527197724615,-0.7503233157089136,0.04547051531926669,-0.7321298313270491,0.7721917155169719,0.011363566939496694,-0.03746418068691437,-0.18934701148849953,0.1256824406796082,0.040061884189922736,0.2900746055059228,-1.3323909345797615,0.04662247513484397,-1.3849595374812445,0.8997607381640558,-1.473886806978681,0.05111315968504352,-1.6958340218325272,1.2299275018970381,-1.3233976088893762,0.05115061011628982,-1.495117048935392,1.2514266407280659,-1.2460302279442586,0.028483341060330063,-1.184960268843554,1.2749262302660596,-1.251604734868601,0.04372510620819998,-1.3042739971653472,1.173249668685326,-1.3254620626521356,0.04421893844094147,-1.413028974851613,1.1658581559481092,0.08996596142250546,-0.1310243284800212,-0.46590651993548904,-0.24369040820732613,-0.4851987993171887,-0.2471708189035038
0.6875,0.5272603068481427,0.035106846756213145,0.4375383137640517,-0.7619007882904201,0.45971616610793126,0.029553173706177868,0.4298919595394857,-0.49721842182262654,0.6496973350234085,0.028240036828422233,0.6585937450102392,-0.6595803527420867,0.5027839155150422,0.03699291126616979,0.7880955306103028,-0.322726032745204,0.5372488553471156,0.0522865579309198,0.4548459875743661,-0.5892255820522846,0.5353413157683281,0.03643590529758057,0.5537931072996891,-0.5661302355305244,-0.06732646228314082,-0.13437959447791847,-0.0009866077318475552,-0.32436247452636835,0.4653694978650988,-0.012337128230835326,-0.7185861261404678,0.04401797064547987,-0.6479654520622435,0.7911630666259305,-0.8819163174694592,0.04928146247497743,-0.8936311063690114,0.9808906211896399,-0.9225807025440683,0.039797445201889464,-0.9202726122441708,0.9274581572843696,-0.8919972133866247,0.053163418020139,-1.1458103491987646,0.9105512454057577,-0.9760672107440882,0.04339219372654105,-0.956277003030057,0.9624044541373802,-0.8782295140569417,0.04593049801380536,-0.9127913045808494,0.9144935089286156,0.006127451107323156,0.14319761456368696,0.08725951482062844,0.00718554504019886,0.0017022043477661342,-0.23525910379300685,-1.5615743977012186,0.04282767609410063,-1.5292725377446184,1.5583944677293853,-1.7643851426614598,0.03393739360924816,-1.7964929728090282,1.678853925151851,-1.5437655165402804,0.06599377770870764,-1.4540471995652866,1.6479247240583919,-1.3563953566978713,0.04561157270051975,-1.5945214448845144,1.282261441683195,-1.5512720645444609,0.059400451485597375,-1.578887631470899,1.4925367683260706,-1.5554784956290582,0.0495541743196347,-1.5906443572948692,1.5319942653897787,-0.3122600032013194,-0.08635086314482843,-0.11763904765717714,0.19387752449310525,0.029121929984766926,-0.05865009190509052
0.7125,0.5719993391098189,0.043356448387818096,0.72057732599387,-0.5553029997319925,0.5316800545869473,0.025108554022355442,0.5177963529341122,-0.6023023125622446,0.6385773151401835,0.03019636272840762,0.5743980380635741,-0.7034826553228843,0.6334345186810542,0.06321445064396597,0.44416612366530306,-0.8584547185125445,0.41129853455172427,0.057266286880759854,0.5378509838867306,-0.34007422590880976,0.5573979524139456,0.043828420532661394,0.558957764908718,-0.6119233824076952,-0.08450595962813245,0.19777675797792083,-0.1290846172593102,0.16527432626187755,-0.41428859484724145,-0.05296561749897721,-0.9197893461313656,0.052926087904254654,-1.0715948865882667,0.7940204510958093,-1.0682710885883044,0.04296810238231372,-1.1646754570842732,1.061413883391458,-1.0817725930360997,0.02840722181157627,-1.0587157707154022,1.0792229204777706,-1.0117649604721795,0.06469459504153813,-0.9993356710812781,1.1237295917432564,-0.8119825042563809,0.03827111686265644,-0.8197057238540052,0.8672221421040264,-0.9787160984968661,0.045453424800467844,-1.0228055018646451,0.9851217977624641,0.047516418250021175,-0.2775744354924574,-0.1032615736928153,0.020507149762368337,-0.037683704102181026,0.1243939206619783,-1.6308468832795975,0.061889068834735064,-1.634344782298624,1.713980232596457,-1.8264297298062742,0.032420869030847246,-1.365927763004407,2.0961968941413165,-1.825235113290876,0.0722016008683486,-1.90391577730463,1.739679499933828,-1.568082664467689,0.036328274751094174,-1.5549648084187078,1.604750642699727,-1.697111676656446,0.04115605251122098,-1.641122569313045,1.8142852183648055,-1.7095412135001766,0.048799173199249216,-1.6200551400678826,1.7937784975472268,0.049785834281019126,0.1731626490517606,0.7302691311369094,-0.16423627737080193,0.07963545029783314,0.1737233574793442
0.7375,0.6662852486521528,0.11231498017506586,0.4714480378588489,-0.9795066830013025,0.48511055244517187,0.03807064060933628,0.43848272043885955,-0.5128351246839439,0.2105002876519934,0.036299908133152266,0.06189108842839569,-0.507273430773,0.6259912830322817,0.056386313491583094,1.050454298841883,-0.29311874857818737,0.37978319537393507,0.0438593032885349,0.45869269918586025,-0.32926298888962524,0.47353411343110696,0.057386229139534485,0.4961937689507695,-0.5243993951852117,-0.07435240424508432,0.129429710296235,-0.44538234234460433,-0.5080586451424536,0.7573355502636956,-0.028205626234442227,-1.5125299113696138,0.04094173598718656,-1.6538878233069056,1.2529769723247208,-1.4294246463030051,0.04935282318529736,-1.6772416496200326,1.1253907157811354,-1.384675171345254,0.04426945082878615,-1.5336924858899583,1.3261621498922815,-1.2223564424680236,0.06605505736236182,-1.4717735267957395,0.9107783899524184,-1.392069951205576,0.048996689749036544,-1.566815133624989,0.9535588736963523,-1.3882112245382945,0.04992315142253369,-1.580682123847525,1.1137734203293816,-0.6132562599286366,-0.4009108509821848,-0.5518509338388973,-0.20753033599767678,-0.4669087035181434,-0.560995136843321,-2.3651753978339682,0.037809879773779906,-2.444471573035412,1.8591275557230118,-1.9953927459268468,0.10910587994209206,-2.4742142416257655,1.9726246555728564,-2.2598241062240745,0.07606837278621124,-2.1880608027724087,2.30335373170922,-1.9388663898046978,0.06603516278022413,-2.1469306782345736,1.8093883257712253,-2.3010677766182366,0.09416800609463409,-2.6078961534424203,2.113140166680426,-2.172065283281565,0.07663746027538829,-2.372314689822116,2.011526887091348,-0.3375423524633483,-0.4947559867619944,-0.5015895860529092,0.1152929289368112,-0.5853440173124003,-0.36078780273076827
0.7625,-0.5535225563870411,0.05355132880969632,-0.6365472488443507,0.2176995797968817,-0.5784221263843333,0.044428111338643356,-0.6004123037361566,0.6525763409214677,-1.2270661053477132,0.030887477072251927,-0.8413751145101867,1.35976137807789,-1.0716945026621196,0.041877074711808196,-1.211052066763751,0.4396748738286632,-0.7519942760238942,0.05065121765421592,-0.7517547453634206,0.7019678075911556,-0.8365399133610204,0.044279041917323146,-0.808228295843573,0.6743359960432117,0.05216403718531104,-0.04978693777226495,0.5183862635677035,-0.41884766904746895,-0.7713771929350878,-0.13389229980036133,-1.9346827819503902,0.046130804343677057,-2.0797305259904255,1.8994428165312103,-1.893270289812118,0.05007462016294204,-1.6553135243340085,2.0535232979895928,-1.5365403832006164,0.042613919786242634,-1.4636045476124455,1.8379734209630791,-1.298551525407512,0.08896398547451435,-1.4281688705067377,1.2139893416108238,-2.1000259203109186,0.05140178449010936,-2.2619132829162334,1.9938048930933843,-1.752614180136311,0.05583702285149709,-1.7777461502719702,1.7997467540376182,-0.2681083898228491,-0.18028770945921524,0.3982097736555843,0.3743688733506336,0.02200060376564794,-0.21417952889591385,-2.267830709455198,0.023660133986169844,-2.236383160419913,2.3211945965675254,-2.3897333739262665,0.07109845748096302,-2.4700460588127107,2.579867536314175,-2.1244558076169815,0.055793695637006806,-2.3897003712531313,1.7399607382148863,-2.003505942384237,0.07913936542374898,-1.8360376140651202,2.1708211979185146,-2.54415916890498,0.12779862932209513,-2.459245616738641,2.966633037798372,-2.2659370004575323,0.07149805636999676,-2.278282564257903,2.355695421362695,0.33478358385339435,0.5073874210597307,0.10982147750146432,-0.649739633038245,0.08481143614761244,0.07741285710479184
0.7875,-0.9894343616535739,0.046144551413019305,-1.1810830470477423,0.8129556881992981,-0.9852199242282742,0.03921113817499077,-1.1455434983161936,0.8996239161492025,-1.0273522768312688,0.04329909164746118,-1.0315528530334093,1.1017905552178313,-1.318419246506554,0.030905961300851954,-1.2337668875238357,1.3531892472478797,-1.0266116620875678,0.10639137395267982,-0.7027489015446622,1.3033007485731793,-1.0694074942614478,0.053190423297800604,-1.0589390374931686,1.0941720310774783,-0.24591958216699117,0.6005518470285172,0.07023770218442205,-0.36812735884844416,0.11942235972404402,0.035232993584309646,-2.5294325072264328,0.053151384745733964,-2.6407665190741056,2.2642238528893452,-2.098723597519471,0.04814467316096813,-2.2440554522035856,1.8689704742811222,-1.6194104434085992,0.03754360511607731,-1.4573136589967657,1.730860291167527,-1.5201805171031486,0.06145282276544857,-1.4715125852647146,1.7988072314031098,-2.5634463743509075,0.08393107899665221,-2.7192063121871413,2.492632047398663,-2.066238687921712,0.05684471295697603,-2.1065709055452624,2.0310987794279534,-0.22657426478847809,-0.3765426661847604,-0.3750849779224634,0.27354663217076136,-0.07547212611730902,0.3272946461383952,-2.5875980128310507,0.03428609909995163,-2.3039740231343004,2.6339894978616236,-2.5148735754716607,0.0404894774925065,-2.308727270013704,2.7714159584718665,-2.575984058929599,0.05043456569208513,-2.493631901259108,2.64216825952138,-2.3061019233220237,0.06703599523292404,-2.3145348008998874,2.5091221093056926,-2.26900893732295,0.0650474422253145,-2.099245043627681,2.7213757528356526,-2.4507133015754565,0.051458715948556354,-2.304022607786936,2.655614315599243,0.19458730840580518,0.6221307092079718,0.46268868845816247,0.14853635826227185,0.3300154747273232,0.351591707812307
0.8125,-1.3494409904643776,0.04494651953752609,-1.4985788329973888,1.2100482397061278,-1.2865071369770669,0.03055673828882389,-1.3034786338854587,1.2857333125969461,-1.2040317095135578,0.053550168808082256,-1.2052991940281268,1.209674267400554,-1.2534906166940862,0.039909401919519936,-1.1129903256879683,1.3264039802338474,-1.3272146132130018,0.18510844347830133,-1.2905447981353446,1.3765917049397154,-1.284137013372418,0.0708142544064507,-1.2821783569468574,1.2816903009754381,-0.017745321288512583,0.08604690680437077,0.004375073372427263,-0.28853059329126096,0.21341365454587913,-0.0004880559714193211,-3.0496766818585828,0.06331498699961838,-3.2232409080336493,2.9759409982737375,-2.329714261865517,0.04291512367865251,-2.133675807986951,2.505744671405297,-1.854648571093933,0.05696634361524526,-1.9192942732893672,1.7291472202347524,-1.8118796425754726,0.055930849415283285,-2.0281356271295294,1.6183755737354881,-2.278869868495713,0.058594466993028824,-2.187546918035034,2.9692250585024853,-2.264957805177844,0.05554435414036565,-2.2983787068949058,2.3596867044303522,0.7816781404674513,-0.24729990975991178,0.3720688634183462,-0.19014705305461477,0.06130799753544647,-0.4097600533940413,-2.559499336959414,0.05902250289270678,-2.539219360257718,2.486603315631594,-2.693424087364481,0.03889074406453277,-2.743117270896917,2.606693668739938,-2.889902595775386,0.06289722346492374,-2.9862013015055755,2.8081328267455947,-2.489432573870507,0.04971387396826921,-2.3607632903594387,2.6445027817834603,-2.3940296160141434,0.06209901465979126,-2.3499554381462637,2.379197517289026,-2.6052576419967863,0.05452467181004474,-2.5958513322331824,2.5850260220379226,0.28373949142402166,0.029242079142762112,-0.13642360215697913,-0.17806847475998078,-0.052616044626124125,-0.010825310195259785
0.8375,-1.7640073832427747,0.06107683042090245,-1.7755500640776851,1.7565873292981953,-1.526563138306734,0.02806129593030729,-1.4681634406487027,1.6686364815464303,-1.7224384642837862,0.04124544674153356,-1.7839920704895698,1.3926719078408192,-1.4647637233430555,0.053669481841063404,-1.0365187550742065,1.5995958531839167,-1.4302980134442085,0.05669654712086552,-1.4497304403943159,1.3813673509607332,-1.5816141445241119,0.048149920410934445,-1.502790954136896,1.5597717845660188,0.20047304089772755,-0.06836308943358271,-0.3913201626487506,-0.018962734779489843,0.5630770981097102,0.05698083042912283,-3.5139697286410745,0.08474521257266933,-3.547220330314041,3.3329181046226837,-2.682052897607913,0.06586224465692106,-2.789621676520289,2.531555966247057,-2.336241035327229,0.042097241993429256,-2.41288959566735,2.186312653951718,-2.360547751004527,0.0474769322698204,-2.4115458660651687,2.219729024216332,-2.643139052847348,0.07924753927048726,-2.672846429182969,2.5993579060543026,-2.707190093085618,0.06388583415266547,-2.766824779549963,2.573974731018419,-0.07348852312866638,-0.21430222569135715,-0.258065710273232,-0.2265769417156318,-0.19285004853154408,-0.19181684184883663,-2.7946889621086224,0.0581459688359127,-2.5504583012919304,2.92291353963461,-3.402037204256508,0.07906855122105148,-3.938243221089105,3.163198434009481,-3.440123715105927,0.05793179770087448,-3.3607389339233107,3.529112826052204,-2.634921460974983,0.051713788744135986,-2.352284483847214,2.6968623300464363,-3.087581840773264,0.07422816578454251,-3.2483987084891304,2.863484322806386,-3.071870636643861,0.06421765445730343,-3.090024729728138,3.0351142905098234,0.3445778461992224,-0.38491438568274416,-0.775044787079624,0.1683738921288933,0.3724552383426798,-0.05491043921831462
0.8625,-1.7540490202358876,0.07978165522236924,-1.4554829056338725,1.9338306765586244,-1.7379994841085,0.06206878067206298,-1.1242182419947677,1.7381786404367336,-2.136631255927485,0.044564729643828925,-2.0874977124021297,2.175163031039927,-1.3086325134983687,0.08549000882574613,-1.3591626564674337,1.1806171276908433,-1.856410713821157,0.04351715604712147,-1.9695526736474471,1.679307350974683,-1.7587445975182796,0.06308446608222576,-1.59918283802913,1.7414193653401622,0.6139603984419659,-0.29024532267276415,0.08766531863779736,0.4783477709247519,-0.17854552877659047,0.1422365273110322,-4.088356632130869,0.05177343066875773,-4.15197093208549,4.065077702455321,-2.922842554500304,0.05138393577265132,-2.779686177618578,3.2433602483180657,-2.710279911032327,0.03537704774634827,-2.761912214838889,2.6291145474808086,-3.1436913357786205,0.05631379625296311,-3.4333972215544675,2.6759454129868843,-2.9360648651136905,0.15710492146949187,-2.9399524578603007,2.9287425798036075,-3.1602470597111623,0.07039062638204245,-3.213383800791545,3.1084480982089375,-0.011209878056693157,-0.08689322963016899,0.46367407069948774,-0.1327976673580804,-0.10493570258260743,-0.7574518085675832,-3.071189157581436,0.0794798872887935,-3.3260058656365827,2.9641920374310806,-3.7969501159615064,0.09260732418969221,-3.4322997226768814,4.289838202208076,-3.6882233396226622,0.058593701331125715,-3.6737090954218035,3.7254901482048077,-2.935276889806394,0.09531598436477096,-3.086348381922319,3.1615534709629936,-3.725947102311289,0.04299537855951468,-3.784504460638512,3.504222117176299,-3.4435173210566576,0.07379845514677942,-3.4605735052592195,3.529059195196651,0.07520508904067436,-0.28028234346221303,0.8575384795311942,0.05178105278300427,-0.3618138282055021,0.06848568993743154
0.8875,-1.8133537416995178,0.07030754736427393,-1.8142409281781307,1.9414297792763917,-2.525370002581045,0.06453405821712008,-2.6013933632520447,2.4003291290840836,-2.351026300486002,0.07407690099282617,-2.323402413590641,2.3314727284862227,-2.2721241398088607,0.07529027239647518,-2.548440323735942,1.5614836026199521,-2.4872501842306134,0.057543515790307274,-2.7700079522608565,2.208662606623563,-2.2898248737612077,0.06835045895220052,-2.411496996203523,2.0886755692180423,-0.20106423416796115,-0.5613453456372937,0.008070314895581632,0.12718885109826106,-0.9869567211159898,-0.32282142698548055,-4.613270897437293,0.06861930387083301,-3.836093482398972,4.851072735365564,-3.618628009294973,0.07062489129163486,-4.09531455572233,3.2282849440177475,-3.7298761770668714,0.044476226300986126,-4.293824132199127,3.064382019890566,-3.9378329695470176,0.07263313600898857,-3.1605459571678973,4.126307181565749,-3.474815995088787,0.061177298564376,-3.464420581118802,3.4582584177761384,-3.874884809686988,0.06350617120736371,-3.7700397417214253,3.745661059723153,-0.006162163342663618,1.0149792529665924,-0.8670296117045821,-1.2294421123085613,-0.02437868199827209,0.9657612243978515,-3.9608934820171378,0.12711902357645188,-4.670841930059204,3.312393674039717,-4.580940785531261,0.08703687747988256,-4.873008380284733,4.073890869513423,-4.060348491682767,0.05898029216750294,-3.934407481092791,4.4500019022336055,-4.021255924833402,0.14776622919945345,-4.928838169286741,3.467304085312329,-4.324534891967551,0.04891291864724286,-4.683985862932502,4.075855684715897,-4.1895947152064235,0.09396306821410673,-4.618216364731195,3.8758892431629945,-1.4615340839744118,-0.6081301782166051,-0.7991175107713104,0.5155944211408143,-1.358448256019487,-0.7423271215682004
0.9125,-2.517997749818156,0.06625479634799475,-2.755510898996589,2.14191750264187,-2.909838331378527,0.04226894936761046,-2.8382297216474286,2.881612216503609,-2.584475874112819,0.07743475762864804,-2.4915362447493816,2.9563206941808056,-2.8658720572747463,0.0679018652457422,-2.693870139317503,3.0902351155449996,-3.288385495942044,0.0794038295159188,-3.353104699956406,3.21071294989805,-2.8333139017052584,0.06665283962118285,-2.826450340933462,2.856159695753867,0.04338249485618029,-0.1423917500583558,0.46478444943142394,-0.6135933963547187,0.3963649762274968,0.029709354820405043,-4.3694461605077874,0.11692235928648849,-3.607733469627179,4.584005227287213,-4.665737345671418,0.05571359059047304,-4.688805102732802,4.820110549504952,-4.701419915513609,0.05652082632193693,-4.531880489211491,4.700561629964904,-3.3326691305306335,0.09799320843313628,-3.1678420456383565,3.493447811957615,-3.9211307398093513,0.07444960096814247,-3.3995106402766644,4.047235038735343,-4.19808065840656,0.08031991712003543,-3.8791543494972984,4.329072051490006,0.6477243984586782,0.9762717576600344,0.13130544677215017,0.16868114075341278,0.44991770199270764,0.32560576631925864,-5.335437030435124,0.03573545163953925,-5.338576013047694,5.095609643356954,-5.346855558140877,0.04993276339298183,-5.29904634415073,5.428067638886077,-4.3102107804626915,0.04424131539416144,-4.2910638063027235,4.346390334112777,-4.675353974257526,0.1121618099356524,-4.432676201510362,5.45490637962174,-5.422148950132,0.0625942878384099,-5.682653705227179,5.1400497343724245,-5.0180012586856435,0.060933125640148966,-5.008803214047737,5.093004746069995,1.0222301781113776,-0.5426039708547545,0.12902129473534707,0.05532652781005343,-0.24296636969074026,0.08420153202225755
0.9375,-3.5409440039621685,0.06534533800163493,-3.6250302328308943,4.027651936477481,-3.6451925472444078,0.15119556571472167,-4.405876766066644,3.4295010692924226,-3.2706976941102726,0.08736900093274855,-3.4651816728844675,3.0358199010931806,-3.5532803649310116,0.07748840936648316,-3.6371285465615495,3.0831713038676747,-4.165201486087088,0.1747751370534181,-4.708027995523372,3.97478875517938,-3.63506321926699,0.11123469021380128,-3.9682490427733854,3.510186593182028,-0.9763756967742214,-0.7332392403439916,-0.429361771791287,0.40262170364658667,-0.5539572426938748,-0.45806244959135745,-4.986405876898117,0.0964008700589929,-5.0756246130871725,4.5467938260801235,-5.370140791117774,0.07910334844103922,-5.631806705395508,5.378468240628774,-5.198178239752613,0.10150449899648446,-5.288122274715987,5.210453602163612,-4.1491791412337,0.15576835099256278,-4.819733284331525,3.783101562731474,-4.775554084034904,0.10535774401208384,-4.9406792573018965,4.256369930049563,-4.895891626607422,0.10762696250023265,-5.151193226966417,4.635037432330709,-0.6843093272523335,-0.528830787007049,-0.2533384647667347,-0.07766867255237564,-0.5161557946357087,-1.0366317216000507,-5.885852519348868,0.043463978183760556,-6.137620228121328,5.731383294745795,-5.816251878582772,0.04630923750946844,-5.928336153561699,5.666621694100497,-4.841044073171211,0.07341012421738194,-5.068653688765701,4.789739096546012,-5.090561843579182,0.11647631822837387,-5.15202212571413,4.814634973445521,-5.956260638190951,0.053839618024119504,-5.696504257790565,6.173428864953645,-5.517994190574597,0.06669985523262087,-5.596627290790684,5.435161584758294,-0.33738715226860894,0.47692460716308016,-0.261714459461202,-0.27891459221968873,-0.4062369333755331,-0.16146570603238963
0.9625,-5.212152404338243,0.1230398434709654,-5.901008001790318,4.591096671700441,-5.51088185726843,0.20243162086303249,-5.901953650650671,4.695808743482275,-4.523295095141576,0.15050750779268648,-4.9120560297851386,4.1380041319324405,-4.580823901290505,0.12588326450154438,-4.4062519651129595,4.559672468996097,-6.001670749040627,0.2387171169469236,-6.098491791381288,6.353804509057881,-5.165764801415876,0.16811587071503048,-5.443952287744074,4.867677305033827,-1.2061449071683956,0.2553127176765937,-0.774051897852698,-1.3099113300898768,0.15342050388313755,-0.5762749827102471,-6.089267851166743,0.17044380579084753,-6.306756973721149,5.745401085814509,-6.847904977923462,0.15251779950933503,-6.916877553402458,6.768718295087283,-6.365385346952279,0.08043725757893107,-6.466511451038786,5.9092386092320055,-6.506081965999562,0.09647253467937782,-6.872315429159171,4.754647129336886,-5.862311362315024,0.07499665777374052,-6.139546024273122,5.30350811572381,-6.334190300871414,0.1149736110664464,-6.540401486318937,5.696302647038898,-0.8360379085493124,-0.5613558879066405,-0.1481592583151743,-0.5572728418067809,-0.844098839280039,-2.1176682998222844,-6.472005509045729,0.04031258300259474,-6.446041385937806,6.55311330520089,-6.529201826856778,0.08068333114066738,-6.60190012656314,6.394710226833412,-5.730019647049909,0.1895467543944406,-5.597212499616265,5.577272128042247,-5.957687628866607,0.08296938068803723,-6.060340298283948,5.7532156388279345,-5.97910521196851,0.05353606740973936,-5.906213847185485,6.117611910992312,-6.133603964757507,0.08940962332709587,-6.122341631517328,6.079184641979359,-0.3071246594560133,0.21139806380682735,-0.20718989972972768,-0.019940371574017846,0.10707191926308379,-0.04315698953796865
0.9875,-7.356714722189254,0.10300480527027732,-7.08536269635621,7.14053811472702,-7.3414363812307855,0.10020204153661355,-7.3100514667711725,6.807819168845942,-7.170209958237352,0.15762441305405514,-7.5477534801122825,6.514062092556989,-7.034500673213186,0.1384820360382993,-7.313545388777619,5.751341397786317,-7.286084359888566,0.11735586535296412,-7.246151336624906,6.732744202629345,-7.237789218951829,0.1233338322504419,-7.300572873728439,6.589300995309122,-0.5022322979252305,-0.5134071339955613,-1.0336913875552938,0.05517541837081019,-1.5622039909913026,-0.7112718784193168,-7.411238608493423,0.12004278550410911,-7.347441073430596,8.501855739019359,-8.224401865299278,0.12251298046911126,-8.089914242490151,7.857979366258626,-7.800332695309456,0.08114289388907892,-7.945829681034287,7.603706885839228,-7.719171288936421,0.06378293061041002,-7.552697486195019,7.396722074515129,-7.4384144231860745,0.0665800342264468,-7.421814738461076,7.654360932825253,-7.71871177624493,0.09081232493983123,-7.671539444322225,7.802924999691518,0.23254619436417734,1.1544146655887628,-0.23193487623152453,-0.34212279519505984,0.13138555536929264,-0.15597541167988993,-7.289290917653606,0.04800839993937027,-7.481737290363362,6.927407615957192,-7.604295005848455,0.06005827487214481,-7.608315773133438,7.654514887155606,-6.697308136080471,0.07706188538604423,-6.713285803411835,6.869553098417614,-7.0922810749999075,0.0749679490778135,-7.277555396936297,7.01081132367804,-6.767040174183979,0.06599187618091319,-6.751648986109046,6.725267406998505,-7.090043061753283,0.0652176770912572,-7.166508649990796,7.037510866441392,-0.26674407325825644,-0.02638157911054151,0.046199114022167365,0.15626729500577952,-0.5543296744061701,-0.12899778354940405
