,PC_to_PE,PC_to_PE,PC_to_PE,PC_to_PE,PC_to_PE,PC_to_PE,PC_to_PE,PC_to_PE,PC_to_PE,PC_to_PE,PC_to_PE,PC_to_PE,PC_to_PE,PC_to_PE,PC_to_PE,PC_to_PE,PC_to_PE,PC_to_PE,PC_to_PE,PC_to_PE,PC_to_PE,PC_to_PE,PC_to_PE,PC_to_PE,PC_to_PE,PC_to_PE,PC_to_PE,PC_to_PE,PC_to_PE,PC_to_PE,PC_to_PG,PC_to_PG,PC_to_PG,PC_to_PG,PC_to_PG,PC_to_PG,PC_to_PG,PC_to_PG,PC_to_PG,PC_to_PG,PC_to_PG,PC_to_PG,PC_to_PG,PC_to_PG,PC_to_PG,PC_to_PG,PC_to_PG,PC_to_PG,PC_to_PG,PC_to_PG,PC_to_PG,PC_to_PG,PC_to_PG,PC_to_PG,PC_to_PG,PC_to_PG,PC_to_PG,PC_to_PG,PC_to_PG,PC_to_PG,PG_to_PE,PG_to_PE,PG_to_PE,PG_to_PE,PG_to_PE,PG_to_PE,PG_to_PE,PG_to_PE,PG_to_PE,PG_to_PE,PG_to_PE,PG_to_PE,PG_to_PE,PG_to_PE,PG_to_PE,PG_to_PE,PG_to_PE,PG_to_PE,PG_to_PE,PG_to_PE,PG_to_PE,PG_to_PE,PG_to_PE,PG_to_PE,PG_to_PE,PG_to_PE,PG_to_PE,PG_to_PE,PG_to_PE,PG_to_PE
,POCE_1,POCE_1,POCE_1,POCE_1,POCE_18,POCE_18,POCE_18,POCE_18,POCE_40,POCE_40,POCE_40,POCE_40,POCE_56,POCE_56,POCE_56,POCE_56,POCE_90,POCE_90,POCE_90,POCE_90,mean,mean,mean,mean,POCE_1,POCE_56,POCE_90,POCE_18,mean,POCE_40,POCG_26,POCG_26,POCG_26,POCG_26,POCG_48,POCG_48,POCG_48,POCG_48,POCG_5,POCG_5,POCG_5,POCG_5,POCG_64,POCG_64,POCG_64,POCG_64,POCG_99,POCG_99,POCG_99,POCG_99,mean,mean,mean,mean,POCG_5,POCG_64,POCG_48,POCG_26,mean,POCG_99,POGE_10,POGE_10,POGE_10,POGE_10,POGE_102,POGE_102,POGE_102,POGE_102,POGE_117,POGE_117,POGE_117,POGE_117,POGE_32,POGE_32,POGE_32,POGE_32,POGE_72,POGE_72,POGE_72,POGE_72,mean,mean,mean,mean,POGE_102,POGE_72,POGE_32,POGE_10,mean,POGE_117
,df,ddf,dG_f,dG_b,df,ddf,dG_f,dG_b,df,ddf,dG_f,dG_b,df,ddf,dG_f,dG_b,df,ddf,dG_f,dG_b,df,ddf,dG_f,dG_b,diff,diff,diff,diff,diff,diff,df,ddf,dG_f,dG_b,df,ddf,dG_f,dG_b,df,ddf,dG_f,dG_b,df,ddf,dG_f,dG_b,df,ddf,dG_f,dG_b,df,ddf,dG_f,dG_b,diff,diff,diff,diff,diff,diff,df,ddf,dG_f,dG_b,df,ddf,dG_f,dG_b,df,ddf,dG_f,dG_b,df,ddf,dG_f,dG_b,df,ddf,dG_f,dG_b,df,ddf,dG_f,dG_b,diff,diff,diff,diff,diff,diff
0.0125,5.590461593594434,0.06681915477559609,5.305005603069706,-5.815680947171145,5.313653073939689,0.1211522831542831,5.363679690031994,-5.116170857706596,5.990009466762305,0.0789224438476689,5.983641084155081,-5.678142432856154,5.599945427247855,0.104483620980351,5.404619232238265,-5.665446357411881,5.336456400114466,0.044259411368625774,5.1275284392717975,-5.441197499385514,5.56610519233175,0.08312738282530496,5.436894809753369,-5.5433276189062575,-0.5106753441014389,-0.2608271251736154,-0.31366906011371665,0.24750883232539778,-0.10643280915288855,0.30549865129892684,5.722853596331854,0.05967464645248449,6.087301384728935,-5.73628652072123,5.992470172823673,0.07033029010148809,6.510311296139766,-5.928597940847163,5.686935674314241,0.06452815204118915,5.269519237782016,-5.760683548186821,5.849308277479146,0.060848972027867744,5.627715370862594,-5.75783187059658,5.478510598897482,0.047754295360749176,5.518715683906171,-5.454134611080139,5.746015663969279,0.060627271196755726,5.802712594683896,-5.727506898286387,-0.49116431040480446,-0.13011649973398587,0.581713355292603,0.35101486400770465,0.07520569639750985,0.06458107282603187,7.166847453995302,0.05324089987822688,7.19404067205411,-7.228698975315478,6.647205502066301,0.05794746953233656,6.958921847586279,-6.622927515582245,7.040380070545501,0.044050548088686546,6.93850507931581,-7.1020873463124135,6.87465970087917,0.05644445224152081,6.864901741128483,-6.458187810502989,7.54067445805415,0.061239365692108645,7.611619218577004,-7.3857442159755555,7.053953437108085,0.05458454708657588,7.1135977117323375,-6.959529172737736,0.3359943320040335,0.22587500260144822,0.4067139306254939,-0.03465830326136743,0.1540685389946015,-0.1635822669966034
0.0375,4.475136769195364,0.04628315141338425,4.600087808571897,-4.429722764382537,4.55890700984176,0.05069274883246975,4.610550698728345,-4.494085337247602,5.074433006793244,0.06438013919394969,4.895717437124773,-5.171126498206785,4.887577344705293,0.06293069260799689,4.761295355518344,-5.002649514481944,4.648878421769427,0.04000221446656892,4.586939271675855,-4.656809928748837,4.728986510461018,0.0528577893028739,4.690918114323844,-4.750878808613541,0.17036504418936005,-0.2413541589635999,-0.06987065707298168,0.11646536148074293,-0.05996069428969708,-0.27540906108201213,4.891635046824757,0.08885030569556168,4.916211437809784,-4.929032439505745,4.9848109440025254,0.09235373906811285,4.641100015661446,-5.104699364373005,4.631510152634292,0.060321398881647705,4.3988027849743,-4.653615186496874,4.9894323904016415,0.0590990022875875,4.835286620458257,-5.124411818937989,4.844945085477717,0.04775653834696455,5.298461830351382,-4.83085672062233,4.8684667238681865,0.06967619685597484,4.817972537851033,-4.928523105987188,-0.25481240152257456,-0.2891251984797316,-0.4635993487115586,-0.012821001695961343,-0.11055056813615494,0.46760510972905234,6.442181064871816,0.04227122569659611,6.433881051155206,-6.369505471406519,6.05638641363908,0.04698588457030504,6.225244971968352,-5.953775560763538,6.412276580461825,0.03670243029587958,6.784689651603692,-6.293689546124784,6.273376665176869,0.056776401210557825,5.835800534740417,-6.324312550769073,6.605024868157656,0.03340828328814477,6.411903771551188,-6.716497192116078,6.357849118461449,0.043228845012296666,6.338303996203772,-6.331556064235999,0.27146941120481394,-0.30459342056489014,-0.4885120160286558,0.06437557974868646,0.006747931967773013,0.49100010547890793
0.0625,4.3491947230539765,0.04695672181137081,4.309131375521249,-4.501962598774376,4.106469308761227,0.03508822660297301,4.136796714402037,-4.084418558076044,4.197299626866584,0.06118862369171614,3.8515062224722145,-4.398932209923109,4.292433247340323,0.07689734356984201,4.099740229202203,-4.41648187628167,4.089933235104365,0.04416309820562772,3.9462122798265695,-4.171802625676492,4.207066028225295,0.052858802776305946,4.068677364284854,-4.314719573746338,-0.19283122325312707,-0.3167416470794677,-0.22559034584992288,0.05237815632599219,-0.2460422094614838,-0.5474259874508949,4.146210391751723,0.10268805274394488,4.228817354569116,-4.098473166546636,3.8540232066288205,0.08814600443684595,4.0485794313075845,-3.8706387419644095,4.1790396661650036,0.05560310869476223,4.214649520851271,-4.044807045158081,4.309369227228345,0.05593299558121367,4.476017382250308,-4.349374994038756,4.295133828543057,0.07777800574360859,4.107570723665264,-4.2285423043953525,4.15675526406339,0.07602963344007506,4.215126882528709,-4.118367250420647,0.16984247569318978,0.12664238821155216,0.17794068934317497,0.13034418802247938,0.09675963210806238,-0.12097158073008885,5.71968525442356,0.0567360352000241,5.385217592137651,-5.880634190825247,5.882961286903697,0.04831976088143099,5.884493484365091,-5.888754078809871,6.111202097021423,0.04661201734913929,6.099777368412479,-6.0616563650284645,5.495717024571157,0.06528655707945523,5.502681349467094,-5.606779536679638,6.169005099541678,0.032818977461713215,6.379912148118372,-6.073767351243976,5.875714152492303,0.04995466959435257,5.850416388500138,-5.90231830451744,-0.004260594444779997,0.30614479687439555,-0.10409818721254371,-0.495416598687596,-0.051901916017301986,0.03812100338401425
0.0875,3.830465325773484,0.05082083051405671,3.8247991159286534,-3.8615387351727817,3.7356481925736245,0.038524423053697826,3.7866514712538404,-3.641128110392727,3.5177301303423265,0.05716787345550575,3.4712751427779542,-3.487409557590179,3.49416999161608,0.11749449498328843,3.4323582236945294,-3.633643384333022,3.574039858841417,0.029060589393771607,3.609499888907162,-3.484016588689405,3.630410699829386,0.05861364228006406,3.6249167685124277,-3.621547275235623,-0.036739619244128274,-0.20128516063849267,0.12548330021775733,0.14552336086111328,0.0033694932768049135,-0.016134414812224662,3.0460809633469137,0.07775613222142767,3.0509960575302197,-3.6368373168763424,3.3290659572162498,0.05156774773697035,3.368887373658593,-3.227712951497464,3.528770818544898,0.050196777642987335,3.2235336139865534,-3.5839611123432094,3.6457908865251074,0.07064484466849522,3.5132938589936265,-3.704803314346574,3.6509765585961937,0.03224113095006671,3.7214063848504058,-3.5354751908308453,3.440137036845873,0.05648132664398945,3.37562345780388,-3.5377579771788867,-0.360427498356656,-0.19150945535294772,0.14117442216112908,-0.5858412593461226,-0.16213451937500656,0.1859311940195605,5.276209073988838,0.054656125406404035,5.9168692942573635,-5.010478690046761,5.366847805654954,0.05392492616109529,5.094419156406606,-5.441871316702006,5.705390118251029,0.051989365357008654,5.676770097080404,-5.646774663022207,4.906746645212032,0.04423238530257042,5.06155406130874,-4.857829738979198,5.720986601547813,0.03635661391506656,5.669499919020223,-5.798539443101268,5.395236048930934,0.04823188322842899,5.4838225056146666,-5.351098770370288,-0.3474521602953997,-0.1290395240810449,0.20372432232954285,0.9063906042106025,0.13272373524437864,0.029995434058196935
0.1125,2.9395636416774535,0.10616051539542351,2.750977688647804,-3.071391086533861,3.367981422271407,0.03568904855660579,3.3827386069947245,-3.3341580286492043,3.0777878926553237,0.04824397876659369,3.0640500260700416,-3.1249063216693425,3.1303830572647273,0.07023592851734464,3.093387600068894,-2.7926354092990633,3.265219448737655,0.029124989897344116,3.485799610780656,-3.1952774778347575,3.1561870925213134,0.05789089222666235,3.1553907065124243,-3.103673664797246,-0.32041339788605727,0.30075219076983073,0.29052213294589846,0.04858057834552021,0.051717041715178436,-0.060856295599300836,2.544982456282579,0.04447696504427053,2.6519529485429043,-2.4500099986262827,2.9249176625049866,0.061308516905991955,2.773329587430117,-3.0804721851346697,2.7664493575793756,0.06310229865649007,2.6435970464006964,-2.777183652507703,3.0018583568448216,0.05023886340858432,2.9977671000270063,-3.140727307218297,3.2380658997171845,0.03832369254000212,3.1697549948078487,-3.3436382980281185,2.8952547465857896,0.0514900673110678,2.8472803354417144,-2.958406288303014,-0.13358660610700657,-0.14296020719129077,-0.30714259770455277,0.20194294991662165,-0.11112595286129956,-0.1738833032202698,5.001783921934229,0.06384358117145043,4.939635404134738,-5.099809487430527,4.494563016771527,0.08033543621111157,4.395053045492547,-4.674852455613228,5.034377665267629,0.0661308438792086,4.7013995461227855,-5.247045333795504,4.483361641765987,0.1012474278493289,4.082879829409107,-4.686879602761322,5.201979472641829,0.039907597346486266,4.723063671857693,-5.300597502675469,4.84321314367624,0.07029297729151715,4.568406299403375,-5.00183687645521,-0.2797994101206802,-0.5775338308177762,-0.6039997733522151,-0.16017408329578853,-0.4334305770518343,-0.5456457876727185
0.1375,2.4381270857812227,0.050299333664037084,2.407673118800856,-2.319236580705092,2.9344360419759026,0.03914114134112295,2.8280501277432535,-2.958025869667315,2.768435681363961,0.03875519195756579,2.900862583677749,-2.4667925914390225,2.809527108661359,0.04879675578598011,2.8122128425201454,-2.759813231132698,2.871022255919817,0.04599935823263045,2.7114672591038533,-3.011646929859894,2.7643096347404525,0.04459835619626727,2.7320531863691713,-2.703103040560804,0.08843653809576413,0.0523996113874472,-0.30017967075604046,-0.1299757419240617,0.02895014580836719,0.43406999223872633,2.209385125861499,0.03505532832214368,2.138116451865918,-2.3492112611502476,2.355872599187932,0.04626997733451006,2.54034742012595,-2.212410901470729,2.4660354574410768,0.04880702516024689,2.597971618094276,-2.3771364566698767,2.413391855756063,0.025900447717852198,2.376370652007996,-2.48687948589673,2.331801882775308,0.054930315842642075,1.8916993877381039,-2.573798775095412,2.355297384204376,0.042192618875478975,2.3089011059664486,-2.3998873760565993,0.2208351614243993,-0.11050883388873389,0.3279365186552212,-0.21109480928432944,-0.0909862700901507,-0.682099387357308,4.31321090113894,0.08579092276162897,4.2111985507930445,-4.348382620970754,3.7350951974240814,0.0708514940845227,3.54950376994429,-3.9029572076256884,4.265070675651619,0.04542320610437163,4.261279646722446,-4.20018275462252,4.150546855831201,0.07850325613489127,4.356001266456303,-3.6563389908517916,4.906021602770723,0.04334493626028476,4.944299279361005,-4.450860505935438,4.273989046563313,0.06478276306913985,4.264456502655418,-4.111744416001239,-0.35345343768139825,0.4934387734255674,0.6996622756045117,-0.1371840701777094,0.15271208665417912,0.061096892099926414
0.1625,2.224259978233408,0.03681990491445152,2.2232083399400207,-2.2047002193643856,2.636025297485126,0.05023293374041942,2.569481435885344,-2.689637081517285,2.3527910156793417,0.03492212242096352,2.124075883853133,-2.40675967378947,2.1292837931863797,0.03825969422598124,1.968447093323693,-2.4150168658093345,2.2380257494207494,0.04037862760050559,2.109646932682396,-2.4527081105420194,2.316077166801001,0.04012265658046426,2.1989719371369167,-2.433764390204499,0.018508120575635,-0.44656977248564145,-0.34306117785962353,-0.12015564563194125,-0.23479245306758223,-0.28268378993633725,1.974418141615657,0.025818022312362084,2.047531672993414,-1.941260651186082,1.8760336111718583,0.07100441960573131,1.494535135792024,-2.0337614677007854,2.192282628820747,0.0411702464446901,2.1499275655641448,-2.2905590295963383,2.0008012765903915,0.03477986356302802,2.004062167916083,-2.007796101453436,1.6317336815977022,0.048850657294007976,1.7822477163335892,-1.6039320543913433,1.935053867959271,0.044324641843963904,1.895660851719851,-1.9754618608655967,-0.1406314640321935,-0.0037339335373527405,-0.5392263319087613,0.10627102180733217,-0.07980100914574573,0.1783156619422459,3.6684464004555366,0.08448392258653083,3.6600881395338027,-3.7003665923080544,2.9018984341786904,0.06335949016571578,2.7099245917952532,-3.132923300009527,3.923301115957856,0.040555425369720184,3.5883212316928814,-4.0241339247884165,3.5266016150020403,0.0522301425868293,3.5360809281609766,-3.664837707783556,4.397043649155633,0.033912348084605026,4.162838176581396,-4.584472128449332,3.683458242949951,0.05490826575868022,3.531450613552862,-3.821346730667777,-0.42299870821427366,-0.4216339518679355,-0.12875677962257948,-0.04027845277425168,-0.28989611711491525,-0.43581269309553505
0.1875,1.7750299093271686,0.036691357626165814,1.7918958335186161,-1.8547105894013687,2.0070555927864246,0.040427408185583304,1.9829862010729833,-2.060284431447035,1.5347489788763815,0.03658003000038662,1.402860024896863,-1.7185359982088708,1.641329039466953,0.0327005047903257,1.6877834302107213,-1.5863127466768998,1.7420498998083265,0.04249185021475242,1.650181795828531,-1.7575905759867896,1.740042684053051,0.03777823016344277,1.7031414571055428,-1.7954868683441927,-0.06281475588275254,0.10147068353382149,-0.10740878015825861,-0.07729823037405192,-0.09234541123864992,-0.3156759733120078,1.7458171004420588,0.0394273528341586,1.8503687499810144,-1.703030991014479,1.1001362999003135,0.10314522733772356,1.2353282655893119,-1.099461402471068,1.7102912033678563,0.02727480727646082,1.454524316536481,-1.773737101925946,1.0872233211619207,0.07935824299962048,1.0746248090639534,-1.3482779200225687,1.4021062064900778,0.060695812576976316,1.4320952352371512,-1.3675246373488539,1.4091148262724456,0.06198028860498796,1.4093882752815823,-1.458406410556583,-0.31921278538946507,-0.27365311095861533,0.1358668631182438,0.14733775896653545,-0.04901813527500076,0.06457059788829733,3.0830090946091224,0.06585404916420261,3.374303042373176,-3.0573584575383945,2.5617777921250102,0.05175938343822571,2.7687002637666374,-2.5048679828267955,2.9740281922387757,0.05500731361431948,3.072756385902131,-3.253433930965143,2.9392303125061283,0.03684755173075791,3.0979967237097896,-2.93868248120846,3.4883146885307226,0.044684162452013385,3.383388044225322,-3.555600637211364,3.009272016001952,0.050830492079903825,3.139428891995411,-3.0619886979500315,0.2638322809398419,-0.17221259298604208,0.15931424250132942,0.3169445848347814,0.0774401940453795,-0.1806775450630118
0.2125,1.352619143693819,0.035304101105982595,1.2782559631334471,-1.40477421882015,1.8049639533742725,0.03065733422532846,1.9423234839102799,-1.6765199446803076,1.1456557049384204,0.032149690556747636,1.1338560697815334,-1.1907695825734406,1.4435759099717733,0.0623709094722744,1.1347036330519924,-1.5519358201942879,1.408311907067961,0.09106139790362167,1.689744266530175,-1.3381905088319601,1.4310253238092492,0.050308686652790945,1.4357766832814856,-1.432438015020029,-0.12651825568670283,-0.4172321871422955,0.35155375769821484,0.26580353922997224,0.0033386682614564567,-0.05691351279190715,1.5643857191260628,0.05240820654791582,1.47249705676783,-1.762280187800721,0.9153069978552442,0.08386587350715721,1.0890794673997808,-0.3381705355299201,1.3723614470414058,0.031655433815215656,1.3729234859025796,-1.2520568598662445,0.6690792373443193,0.049305771294257186,0.7442123390492535,-0.5725246816685051,1.0504082278900229,0.05757015325668486,1.1527179245254189,-1.0044595977662327,1.114308325851411,0.054961087684246145,1.1662860547289724,-0.9858983725263247,0.12086662603633513,0.17168765738074843,0.7509089318698607,-0.2897831310328911,0.18038768220264767,0.14825832675918615,2.8574253208394365,0.10006635194297889,3.022950814879792,-2.804035239870921,2.4277382335658073,0.08610122418649936,2.8425940584687335,-2.2968401555367244,2.5032656546351526,0.033849869689194075,2.5076389947271136,-2.518456735930838,2.689832511467104,0.027434236582816834,2.8221119829772627,-2.593012013721084,2.721529685447318,0.05188467744124848,2.445515149757549,-3.042388424736447,2.639958281190964,0.059867271968547534,2.7281622001620898,-2.650946513959203,0.5457539029320091,-0.5968732749788983,0.2290999692561786,0.2189155750088707,0.07721568620288677,-0.010817741203724474
0.2375,0.9403803703450536,0.05306399162617168,0.784671579123211,-1.0489419345318367,1.5148080177208172,0.03520371222422865,1.444239369587296,-1.562962607656532,0.7423673618594675,0.05731665801821414,0.4772569189069056,-0.8267601349811422,0.7077294398257853,0.05547130935248888,0.6917505110505237,-0.744840779862443,0.8470474780938453,0.05992846191516684,0.7476584973690245,-0.9308956361425603,0.9504665335689937,0.052196826627254035,0.8291153752073921,-1.0228802186349029,-0.26427035540862576,-0.05309026881191936,-0.18323713877353587,-0.11872323806923601,-0.19376484342751077,-0.3495032160742366,1.1314060982161303,0.04653570684818365,1.0133922982244892,-1.1577536976877119,0.8483739103784993,0.04984106302932814,0.983276943597569,-0.722280426651586,0.9168760142073493,0.03617902612815414,0.5537089211429019,-1.0305076536426363,0.5542357731009011,0.03820372887383265,0.6035464293115499,-0.2555248164396882,0.7252880771925119,0.03712459508012995,0.7181456977273349,-0.6222724612139073,0.8352359746190784,0.04157682399192571,0.774414058000769,-0.7576678111271059,-0.47679873249973437,0.3480216128718617,0.260996516945983,-0.14436139946322268,0.016746246873663106,0.0958732365134276,2.3693174613391257,0.10826230377683194,2.6958547740953445,-2.2790495435076927,2.058633807564051,0.05124874098897344,1.9912086702174119,-2.336856288075097,2.2172185389412866,0.033460093409474374,2.1393424855715546,-2.2521583683351527,2.4289402465659227,0.03787218940638227,2.4002337258838238,-2.4288960798816217,2.0322342925098273,0.045763552077306556,2.021249481405674,-2.0424294558867206,2.2212688693840428,0.05532137593179372,2.249577827434762,-2.267877947137257,-0.3456476178576853,-0.021179974481046582,-0.02866235399779793,0.41680523058765173,-0.01830011970249501,-0.11281588276359811
0.2625,-0.12795688438318711,0.030428800930061606,-0.14254369179287066,0.06411043283039829,-0.03641922461467222,0.03277403103188149,-0.2654692806013021,-0.22449932103748427,0.22501540844362844,0.04900236266251957,0.14215809543105595,-0.29060479292248176,0.4250553567864792,0.06477884799334725,0.15166997159340886,-0.5321685187946571,0.24969109696771333,0.045810006666270955,0.13455893666929247,-0.4194634575576673,0.14707715063999233,0.04455880985681617,0.0040748062599169025,-0.2805251314963784,-0.07843325896247237,-0.3804985472012482,-0.2849045208883748,-0.48996860163878636,-0.2764503252364615,-0.1484466974914258,0.12303602302674549,0.0707863632088683,0.1185605729068683,-0.30255012136287035,-0.2923200659357452,0.03994620732678558,-0.43251297429588575,0.09524494954120218,0.25813583320233024,0.040890306170672276,0.26494947601332686,-0.1488766873384583,-0.1235276908380031,0.02690191098188616,0.0010966954776620952,0.19100336284071387,0.1632571300043662,0.04377426693436313,0.0854020639905063,-0.1819123020287894,0.025716245891938723,0.044459810924515085,0.007499166818495555,-0.0694181596696404,0.11607278867486856,0.19210005831837595,-0.3372680247546836,-0.18398954845600204,-0.06191899285114485,-0.09651023803828311,2.1431223403583126,0.08678998298211953,2.0149783094850506,-2.209809095898583,2.1786533480912293,0.04991668386673936,1.808990200429317,-2.390753831183088,2.1625501343746665,0.038142471586964516,2.009671736944515,-2.2352998655331215,2.3597917153879644,0.07769208749155748,2.2784406050882877,-2.4335142818200506,2.2600912193911675,0.04672227185946403,2.1666019333518913,-2.4594134708919158,2.220841751520668,0.05985269955736898,2.055736557059812,-2.3457581090653514,-0.5817636307537708,-0.2928115375400244,-0.15507367673176287,-0.19483078641353258,-0.29002155200553936,-0.22562812858860637
0.2875,-0.3158280166391252,0.015390222984760189,-0.20572210955982287,0.41271183279809665,-0.13294299193047318,0.01492762235301208,0.06006344719893075,0.4524420677482,-0.06683680223438718,0.018784832427383536,-0.04688274166048959,0.10463015716433005,-0.3240213865238477,0.04933977647541824,-0.4265316111825844,0.2039421514948629,-0.20286946437549122,0.024468492371110817,-0.27549571091945796,0.16497655400195899,-0.2084997323406649,0.024582189322336974,-0.1789137452246848,0.2677405526414897,0.20698972323827378,-0.22258945968772154,-0.11051915691749897,0.5125055149471307,0.0888268074168049,0.05774741550384046,-0.448799199333908,0.028974601797074263,-0.5089312314917434,0.2729254862934689,-0.5079652291458512,0.03728661866630076,-0.33522817642854114,0.5830900462589919,-0.12137244017667474,0.03762338673091946,-0.4029178636149611,0.046657995162511276,-0.26744052846193156,0.046605677667736295,-0.07770141523617188,0.27939781303797384,0.031036918617161624,0.06059525556418063,0.6072135591112774,0.2183998300275972,-0.2629080957002407,0.042217108085242275,-0.14351302553202802,0.2800942341561086,-0.35625986845244983,0.20169639780180196,0.24786186983045072,-0.23600574519827444,0.1365812086240806,0.8256133891388746,2.040019378455499,0.05178764297471021,2.1376156925406926,-1.8027545642347478,1.7173708184082899,0.03499502971029789,1.731317875019937,-1.6445518227796594,1.7049452797465618,0.029034541991666236,1.581091714795635,-1.8228829505332962,1.9873981357209218,0.03623886259460613,1.9528099762762334,-1.9343309540553704,1.8185347930030815,0.027234332716867135,1.879819581511336,-1.8239859988245344,1.8536536810668707,0.03585808199762952,1.856530968028767,-1.8057012580855218,0.08676605224027756,0.05583358268680172,0.01847902222086306,0.33486112830594483,0.050829709943245094,-0.24179123573766126
0.3125,-0.24318244424380991,0.016044340423590552,-0.190626926393138,0.31226423939268005,-0.10793813615811608,0.01887780027748529,-0.26259452880464373,0.011664848935417027,-0.1472670061054988,0.01974881273773078,-0.303086607086175,0.09537600780959411,-0.39981482435456245,0.040867314802988004,-0.4122231559949783,0.4335138391551343,-0.2738630539474234,0.02393834804162225,-0.20985417795731745,0.3689568269582942,-0.23441309296188212,0.023895323256683372,-0.27567707924725054,0.24435515245022393,0.12163731299954206,0.021290683160156032,0.15910264900097673,-0.2509296798692267,-0.03132192679702661,-0.20771059927658092,-0.7762030442966892,0.02380003528400974,-0.9427734249465581,0.708838604081526,-0.5367556885673417,0.0648112140828439,-0.8526667629523429,0.40484960295656336,-0.8173711263076574,0.07986089380039724,-0.8137648841702992,0.7562183416278412,-0.49001195971550865,0.033799791967518256,-0.5104107330954327,0.09498871886409403,-0.10066777449584993,0.07186726841160006,-0.08485495420680618,-0.212889448985046,-0.5442019186766094,0.054827840709273844,-0.6408941518742878,0.35040116370899577,-0.05754654254245806,-0.4154220142313387,-0.44781715999577953,-0.23393482086503214,-0.290492988165292,-0.2977444031918522,1.6077927503863483,0.04313398492384626,1.3783052477715552,-1.9489292535664955,1.5425820312697973,0.02618432933955554,1.5034600763811985,-1.541493099940094,1.4508267517080886,0.023075813094657643,1.4613326548604335,-1.427843809463426,1.7675236857094603,0.027305951320045582,1.713702288878015,-1.816323863481221,1.4716324605916753,0.026647271728645713,1.3102019556953142,-1.6951320888513688,1.5680715359330741,0.029269470081350148,1.4734004447173032,-1.685944423060521,-0.038033023558895485,-0.3849301331560546,-0.1026215746032062,-0.5706240057949403,-0.2125439783432177,0.03348884539700747
0.3375,-0.34956497198408526,0.016117148385518247,-0.42480531909100916,0.24744677580851238,-0.4113127709829031,0.030077962417432276,-0.5211941649466163,0.38187735603642065,-0.571124342099398,0.02206509690205976,-0.6547412101301431,0.37343473047620623,-0.5548206666440415,0.04208714614557894,-0.47484933769124876,0.579888068109314,-0.3324542278657403,0.028068924910848135,-0.5578976760243516,0.2898677972347154,-0.4438553959152337,0.027683255752287472,-0.5266975415766738,0.3745029455330337,-0.17735854328249678,0.10503873041806527,-0.2680298787896362,-0.13931680891019566,-0.1521945960436401,-0.28130647965393685,-0.768170367421108,0.026125639082417617,-0.6107561239109759,1.2321669040953505,-1.0486041882067014,0.045183674183709575,-1.0054416942726485,1.2344132052784151,-0.7052802967086892,0.053864830719958824,-0.6375434567185699,1.2185173172017987,-0.7556301549749854,0.018179138637777002,-0.8354501615942261,0.6956931045753549,-0.3052052290598806,0.04479500263925256,-0.153792211565532,0.4559950682564121,-0.7165780472742729,0.03762965705262312,-0.6485967296123906,0.9673571198814661,0.5809738604832287,-0.1397570570188712,0.22897151100576663,0.6214107801843746,0.31876039026907554,0.3022028566908801,1.1711481712752236,0.031555141028170024,1.1757426024931825,-1.149964427754593,1.5281208284997672,0.026689210475026787,1.571705972794693,-1.326406161095339,1.3277437726572028,0.02175316560232282,1.374723952712051,-1.326314991057226,1.5352131615761555,0.029222423942023863,1.5480105339067576,-1.5467369764061243,1.1336402443266254,0.01859180397580632,1.192162926605752,-1.0209123435055167,1.339173235666995,0.025562349004669964,1.3724691977024872,-1.2740669799637598,0.2452998116993539,0.17125058310023533,0.0012735575006332933,0.025778174738589454,0.09840221773872737,0.04840896165482489
0.3625,-0.3292112630817047,0.01704614792802816,-0.305994014768427,0.33985999544109113,-0.6548189013050681,0.031223728120251704,-0.6464641732571857,0.5536261478323916,-0.557513878792594,0.013989331594339117,-0.4645125643183816,0.6006866605152875,-0.6044421506813946,0.03541629360329861,-0.6686868218893558,0.6018243988738406,-0.4934871590959832,0.019231689290273322,-0.48467619487510916,0.4997427498825003,-0.5278946705913489,0.023381438107238185,-0.5140667538216919,0.5191479905090223,0.03386598067266411,-0.06686242301551515,0.015066555007391125,-0.09283802542479413,0.005081236687330404,0.1361740961969059,-0.7172752418445616,0.028656555328831646,-0.7092432841091901,0.705141810146283,-1.0838835598655046,0.04277865706018066,-0.8317667805749481,1.0852410123002965,-0.9000792012856005,0.03117293837860506,-0.9975359419990276,0.6629945982060695,-0.7983815648167847,0.017428134434962408,-0.798411137698502,0.8327484278138249,-0.5962436760373557,0.05155387127512058,-0.9114328011856729,0.3295327992844315,-0.8191726487699615,0.03431803129554008,-0.8496779891134683,0.723131729550181,-0.3345413437929581,0.03433729011532283,0.25347423172534833,-0.004101473962907165,-0.12654625956328724,-0.5819000019012415,1.2626637648864176,0.033973369775492354,1.4623568056391711,-1.1466833311080802,1.351080572549975,0.020544649507917113,1.2577953970755502,-1.4710173617473759,1.27788619297728,0.03852358619897406,1.353694271096618,-1.2453824389276515,1.6119907987600661,0.041316642738714514,1.6379805790860569,-1.5547834908420801,1.146720818077939,0.02354825573275797,1.1021081780741728,-1.155108729293564,1.3300684294503355,0.031581300790771205,1.3627870461943137,-1.3145950703837503,-0.21322196467182564,-0.05300055121939118,0.08319708824397676,0.31567347453109096,0.04819197581056334,0.10831183216896645
0.3875,-0.29313057919852986,0.019823031003417917,-0.3022585867377312,0.287311346691495,-0.6531225368822023,0.018602613355074876,-0.5874425505773954,0.6650484033122547,-0.4952170711296353,0.01426220065486599,-0.5385869710432437,0.4202573139075131,-0.370545129932045,0.024838240158068684,-0.21115742380865046,0.5700102417458179,-0.4042017438040829,0.014350200642620966,-0.36541461116225754,0.4236390329224937,-0.4432434121892991,0.018375257162809685,-0.40097202866585563,0.4732532677159149,-0.01494724004623621,0.3588528179371675,0.05822442176023618,0.07760585273485932,0.07228123905005929,-0.11832965713573063,-0.7483720132247843,0.02923171699300362,-0.7594534226309868,0.8326785586177061,-0.9034303266448295,0.04581565211163862,-0.8868023183626472,0.9149075346686323,-1.0327577851290675,0.03312626326877868,-0.832540999867077,1.0235103238906156,-0.7705380197632566,0.018374471230753878,-0.507145464542153,0.8355783380328851,-1.0866103943432768,0.05404547408787941,-1.1634883410113344,1.0126137177854264,-0.908341707821043,0.03611871553841084,-0.8298861092828396,0.9238576945990531,0.1909693240235386,0.328432873490732,0.02810521630598506,0.07322513598671931,0.09397158531621352,-0.15087462322590794,1.4908388466053157,0.031917470520412876,1.5145529977258323,-1.4286355956153838,1.162404486033353,0.024811668573774308,1.1820496960167735,-1.1677463512523834,1.5117515816968767,0.044866129615997855,1.6661377584014907,-1.3144449176498585,1.4993561244175098,0.04079045148856287,1.4615404331150668,-1.4888309446207741,1.0986124741086605,0.051572551608142995,1.1267663867339295,-1.017811153425946,1.352592702572343,0.03879165436137818,1.3902094543986185,-1.283493792512869,0.014303344764390102,0.10895523330798351,-0.027290511505707382,0.08591740211044852,0.10671566188574944,0.3516928407516322
0.4125,-0.24832719674095638,0.018207205830284016,-0.2327745271473857,0.20747518591865016,-0.48538414073351027,0.02444957285044097,-0.48793079636362513,0.43966016471290065,-0.44049833806590916,0.015581643162128523,-0.42719574698517987,0.44460473148004115,-0.18265439957997365,0.0179490086692758,-0.19998240470896075,0.18744005979344325,-0.30611869954441634,0.026696105162702734,-0.40824088503522243,0.2786144812418282,-0.33259655493295315,0.02057670713496641,-0.35122487204807473,0.3115589246293727,-0.025299341228735533,-0.012542344915517506,-0.12962640379339424,-0.04827063165072448,-0.03966594741870205,0.01740898449486128,-0.741706791091408,0.022786773171752366,-0.8075561453556811,0.690639755467683,-0.9728531452011179,0.030730968179028366,-1.117628954904503,0.884548078334541,-0.7920027265808981,0.06380797966281057,-0.7159101897822943,0.9595601644167832,-0.8102252346801009,0.030269148317657438,-0.9507942184427552,0.5858624472301263,-1.0669996864546134,0.04541754186514973,-1.1100512079824847,1.086800007264624,-0.8767575168016275,0.038602482239279694,-0.9403881432935437,0.8414820905427515,0.2436499746344889,-0.364931771212629,-0.23308087656996213,-0.11691638988799813,-0.09890605275079223,-0.023251200717860687,1.6187034188226403,0.027452860363521885,1.4825326376605075,-1.7016968500599405,1.1773185168704352,0.026118242192619455,1.195998779657529,-1.1577587745079796,1.7129241202135923,0.03946172212214512,1.7863519647117683,-1.658250752743317,1.5795767448223392,0.05173372200200793,1.631573995239095,-1.587065141816473,1.2743190503532071,0.03819770866324187,1.3143809627817837,-1.2029001404837643,1.4725683702164427,0.03659285106870725,1.4821676680101368,-1.4615343319222949,0.038240005149549505,0.11148082229801948,0.04450885342262212,-0.21916421239943307,0.020633336087841903,0.12810121196845126
0.4375,-0.15862109380993988,0.028188401636281658,-0.1284528562358062,0.19150662421358566,-0.11751077829115336,0.017406954628943413,0.10971876426514908,0.2756987961393227,-0.15706041594811734,0.01974179789480238,-0.13084310295209958,0.28582007476183785,-0.13538166582890943,0.016874880610869135,-0.20485812563213054,0.09130239663052206,-0.08348697294730892,0.025551750933810253,0.006155775825576046,0.2885470147658481,-0.13041218536508578,0.02155275714094137,-0.06965590894586224,0.22657498130222326,0.06305376797777945,-0.11355572900160849,0.2947027905914241,0.3854175604044718,0.15691907235636102,0.15497697180973827,-0.7068918463254956,0.03505578995537374,-0.8446442482118763,0.7051500561231369,-0.8518971597256322,0.05416075549337774,-0.6232042502943868,0.8870619392310524,-0.5648014893251706,0.053909409977274496,-0.6069781410553466,0.6462012619744891,-0.7831702890432872,0.029749745236825362,-0.7552027866178378,0.7804622051810483,-0.9358309869819263,0.060345599071242095,-0.9937227214807673,0.9333021157661755,-0.7685183542803025,0.046644259946818686,-0.7647504295320429,0.7904355156551804,0.039223120919142485,0.025259418563210456,0.2638576889366656,-0.13949419208873948,0.02568508612313758,-0.060420605714591846,1.4036613371980446,0.028189247778066105,1.4107648177044094,-1.5458542228159518,1.1648567079650312,0.024653528296074066,1.1415052664455863,-1.1999429185179582,1.7422350723532372,0.041858353223152164,1.351265176879114,-2.03809651126374,1.2280918288941276,0.05322248002597345,1.1840623722649168,-1.4590913582789071,1.3253855697108328,0.02856940787348696,1.2551966331241284,-1.4281209803453527,1.3728461032242547,0.035298603439350554,1.268558853283631,-1.5342211982443819,-0.05843765207237195,-0.1729243472212243,-0.2750289860139903,-0.13508940511154233,-0.2656623449607509,-0.6868313343846262
0.4625,0.2308786562487684,0.023567150403627418,0.22749827515718676,-0.10395433047906662,0.12108512203784795,0.02218755800200632,-0.014946487757102623,-0.34347805313434193,-0.00525589868958419,0.018681974652503586,-0.18646466666241931,-0.09753958589879637,-0.09415851078462043,0.01930118681896337,-0.16204252025029586,-0.01777751461575185,0.2279331912760551,0.027132409757170656,0.13099860672944136,-0.26807448147274365,0.09609651201769337,0.02217405592685427,-0.0009913585566379336,-0.16616479312014007,0.12354394467812015,-0.17982003486604772,-0.1370758747433023,-0.35842454089144454,-0.167156151676778,-0.2840042525612157,-0.6037523684907609,0.05959506307506544,-0.4152371476041237,0.7036778392320623,-0.8604585084194212,0.07117123521067174,-0.7337053524235547,1.1482161555156825,-0.6120267472081081,0.042597686375808984,-0.6332192981019387,0.6045905399896185,-0.756858400198619,0.030628482197401757,-0.7813033986616852,0.7049384301425585,-1.3536733998988768,0.06862431938793105,-1.5097002721876183,1.2541732582829246,-0.8373538848431572,0.05452335724937579,-0.8146330937957842,0.8831192446325693,-0.02862875811232013,-0.07636496851912666,0.41451080309212773,0.28844069162793856,0.06848615083678511,-0.2555270139046937,1.462301546317033,0.026380673924561254,1.3490886308503118,-1.5405809261587502,1.3730617072906328,0.02381447217713761,1.3926299122868802,-1.2832010088520993,1.4357111083443694,0.03611884325191884,1.4057195303623806,-1.5460832270900824,1.1982795424275663,0.03599607363777164,1.025507644662802,-1.4606741572097013,1.2141772034192735,0.02147334942509658,1.1203348323126894,-1.3567036865963162,1.336706221559775,0.02875668248329718,1.2586561100950129,-1.4374486011813898,0.10942890343478084,-0.23636885428362686,-0.4351665125468993,-0.19149229530843836,-0.17879249108637696,-0.14036369672770177
0.4875,0.5597205724533303,0.018691925135416794,0.5441208610545342,-0.586248364972998,0.17983942273826387,0.024223258076324604,0.17366385009192334,-0.1884907746759591,0.10470518783067906,0.028002911458615252,0.02722088919893389,-0.1365296919485147,0.12485205595686728,0.020244893649841472,0.07957636415507091,-0.1355636158708438,0.3121798772313601,0.027396206594891448,0.2814253964102554,-0.2312951632032775,0.25625942324210016,0.023711838983017913,0.2212014721821435,-0.25562552213431866,-0.04212750391846387,-0.0559872517157729,0.050130233206977876,-0.014826924584035756,-0.034424049952175156,-0.1093088027495808,-0.5655856522158178,0.03417889602791707,-0.5574362322206884,0.492682961028617,-0.2790257456128934,0.028690063258369657,-0.1942877495954398,0.7840059444105902,-0.6047631212862924,0.040873358971388496,-0.9086279737062284,0.3426120473548663,-0.5302376158692156,0.026461370735071457,-0.7010175022124329,0.505230505110899,-1.295355360930858,0.04127912040678736,-1.2996663073481143,1.2976484104305506,-0.6549934991830154,0.0342965618799068,-0.7322071530165808,0.6844359736671046,-0.5660159263513621,-0.1957869971015339,0.5897181948151504,-0.06475327119207142,-0.04777117934947617,-0.0020178969175637107,1.529085644697783,0.03683881958402951,1.494411828193994,-1.5368632521366328,1.539040268768693,0.0217159161242767,1.3879240445089884,-1.5946719993961824,1.4816143984431542,0.03090201842169032,1.5317182101036046,-1.4142079486673484,1.2798890898052364,0.03502517206595246,1.4283940070793955,-1.1186844373020697,1.3376986287331172,0.021215927817369046,1.4131076002126706,-1.3432203604061477,1.4334656060895967,0.029139570802663606,1.4511111380197306,-1.4015295995816763,-0.206747954887194,0.0698872398065229,0.3097095697773258,-0.04245142394263879,0.04958153843805424,0.1175102614362562
0.5125,-1.0324436357090985,0.042475660528862154,-0.8665026484881413,0.9786906391790241,-0.6122025307908837,0.0657721795521113,-0.857903272622303,0.2864333767483742,-1.0328652858980654,0.060577513981343235,-1.1538663272135943,0.7454575923629911,-0.5557623462018176,0.042099912800602074,-0.6184166502687863,0.5593348068362104,-0.890689989203337,0.028375263585094252,-0.8373506234378666,0.9541375944155254,-0.8247927575606404,0.0478601060896026,-0.8668079044061383,0.704810801908425,0.11218799069088281,-0.05908184343257594,0.11678697097765878,-0.5714698958739288,-0.16199710249771326,-0.40840873485060314,-1.386833483553507,0.03346595057331985,-1.3717922237630193,1.4041021455556983,-1.085197297826293,0.037981384350876474,-1.049874640137556,1.0806105184874701,-1.507610247771176,0.049808778792176114,-1.5956018145919428,1.5762327667331075,-1.3910658097876023,0.03187161185129777,-1.4183337457829326,1.3434916907170442,-1.777005489483591,0.05068577490915971,-1.707261275333451,1.722105535500089,-1.429542465684434,0.040762700095365985,-1.4285727399217802,1.4253085313986817,-0.01936904785883531,-0.07484205506588837,0.030735878349914092,0.032309921792679,-0.0032642085230984996,0.014844260166637868,0.32116867672768706,0.05668563950147258,0.3258029677364917,1.2830669453053714,0.7614297503331916,0.05316711508758407,1.0120603320829733,-0.714184879631979,0.372734607329601,0.05051121451310122,0.38054114760958047,-0.1925581169273395,0.30231980574988926,0.06942526648249613,0.37311448644153816,-0.22170937687813774,0.01606725259543519,0.04640527974416445,0.10880563719379738,0.0328661518405938,0.3547440185471608,0.0552389030657637,0.44006491421287625,0.03749614474170179,0.29787545245099434,0.14167178903439118,0.15140510956340042,1.608869913041863,0.477561058954578,0.18798303068224095
0.5375,-0.7836480892673543,0.03906554554489556,-0.8795886862229328,0.7393668088280827,-0.36034260321579753,0.06488556263704433,-0.23144737642735966,0.3630666607266701,-0.7186028857270724,0.04950560243364306,-0.5935144448956193,1.1845356540993994,-0.32785943404401485,0.039541946421224605,-0.3177944774443487,0.2920987303867002,-0.6847085207111825,0.03567506884558043,-0.6783375894128009,0.6903863699521035,-0.5750323065930842,0.0457347451764776,-0.5401365148806122,0.6538908447985912,-0.14022187739485015,-0.025695747057648488,0.012048780539302584,0.13161928429931044,0.11375432991797896,0.5910212092037801,-1.1108011105694882,0.037035459135887135,-0.9323657010843601,1.2973469708883865,-0.9435485194829837,0.05116469585794831,-1.0149387291241778,0.9766910154609286,-1.383431963010662,0.08010015379716015,-1.253374753903201,1.4513184621346298,-1.026796233575689,0.029769727179791632,-1.0204999733629738,1.0108494981472091,-1.3645013869634897,0.07136116948361618,-1.1407016616515588,1.4460693404402185,-1.1658158427204626,0.05388624109088068,-1.0723761638252545,1.2364550574142745,0.19794370823142882,-0.009650475215764676,-0.038247713663249194,0.36498126980402634,0.16407889358902006,0.30536767878865967,0.4379897978596215,0.03674065993801268,0.4880356179166254,-0.4241837182873767,0.8807721151940571,0.07815540049733893,0.7028455722967909,-1.1187744866457652,0.6550858117763332,0.055775175955962014,0.6738745989349615,-0.5783942851631825,0.38793706146284834,0.07658417549357135,0.3340161378240354,-0.45726785446616175,0.312205502431403,0.07190867221252965,0.2723977854455379,-0.33406047433967156,0.5347980577448526,0.06383281681948293,0.4942339424835902,-0.5825361637804315,-0.4159289143489743,-0.06166268889413368,-0.12325171664212636,0.0638518996292487,-0.08830222129684129,0.09548031377177901
0.5625,-0.34126125019525766,0.03930631402024723,-0.3026722738844665,0.3375659574804384,-0.1287223173079152,0.03700048905825692,-0.16247484131789705,0.050085461164769134,-0.5608015011467897,0.0610777785114092,-0.7100601551361705,0.27681585148801396,-0.1469597701181221,0.04779406189064489,-0.20421968592855871,-0.0797164063303113,-0.5395055337587655,0.04434943994190405,-0.5490068540386275,0.5272288814499713,-0.34345007450537,0.04590561668449246,-0.38568676206114405,0.2223959490505763,0.03489368359597189,-0.28393609225887,-0.021777972588656214,-0.11238938015312791,-0.16329081301056775,-0.4332443036481565,-0.7479777400739951,0.03637619526943687,-0.7732593450353719,0.7091755488523476,-0.9462933235311223,0.044515470038655795,-1.124699032798573,0.6804542046075057,-1.1007679122307827,0.08164568098338043,-0.9682230542912534,1.3638052352824885,-0.7840159126214492,0.053791254870713505,-0.5020958338634381,0.808088036632614,-0.8959889731318568,0.048777590039550345,-0.8813375674992554,1.2519087839986154,-0.8950087723178412,0.05302123824034739,-0.8499229666975783,0.9626863618747142,0.3955821809912351,0.3059922027691758,-0.44424482819106736,-0.06408379618302429,0.11276339517713596,0.37057121649936,0.5523443221989836,0.04655575300550695,0.37479287420985197,-0.6817352091549482,0.7910697982499095,0.10426205861640434,0.4990054603604431,-0.9278052287138949,0.846706533856703,0.07870117924018269,0.5535604237429913,-0.9784986045733899,0.40806144393792754,0.09089818556362296,0.520418879826507,-0.14838567568142885,0.4475805336722607,0.10454069930722462,0.4491962568069169,-0.44594382959159373,0.6091525263831569,0.08499157514658831,0.479394778989342,-0.6364737095430512,-0.42879976835345185,0.0032524272153231504,0.3720332041450782,-0.30694233494509626,-0.15707893055370914,-0.4249381808303986
0.5875,0.13114293939839416,0.046900584196281236,0.21402831473633072,0.013418827430909202,0.044096569908718825,0.03502056796534279,0.01292926186885746,-0.030648866394142528,-0.13452216192425742,0.04821677683924907,0.06017684910638832,0.5850025941689841,-0.03208253826960482,0.039172815549468144,-0.2653426377716783,0.369551085683475,-0.06235002922700407,0.03143407598838429,-0.020123463462779732,0.05676103042565722,-0.010743044022750664,0.04014896410774511,0.00033366489542368676,0.19881693426297659,0.2274471421672399,0.10420844791179668,0.03663756696287749,-0.017719604525285065,0.19915059915840028,0.6451794432753725,-0.9388399182517053,0.028994446001148807,-1.0922491456187315,0.6115117468847583,-0.9843814780176733,0.03876846484661082,-1.0746423891155987,0.9036090371934554,-0.7781337407603726,0.06148848824333591,-0.7709178813677204,0.800826306625236,-0.6433364975368285,0.04119381274330693,-0.6508661651011609,0.5465626040152666,-0.8228169112044372,0.04763780469650345,-0.9726840432885294,0.7146830448423681,-0.8335017091542035,0.04361660330618118,-0.9122719248983483,0.7154385479122168,0.02990842525751558,-0.10430356108589434,-0.1710333519221433,-0.48073739873397325,-0.19683337698613146,-0.2580009984461613,0.5883477259683753,0.053764835630299365,0.4522728708861536,-0.6961370937692716,0.5842248442970546,0.04393277127586262,0.5708334496611654,-0.939868568900344,0.4719441274821603,0.05608661403156154,0.40685974405313907,-0.8677271135654304,0.5821066649115104,0.07543957963215187,0.5311480874552194,-0.8112934955973158,0.5039543071043061,0.06603249695537022,0.4119172606534105,-0.9838106764969144,0.5461155339526813,0.05905125950504912,0.4746062825418177,-0.8597673896658552,-0.36903511923917853,-0.571893415843504,-0.28014540814209643,-0.243864222883118,-0.3851611071240375,-0.46086736951229135
0.6125,0.36739493006920454,0.06257896086278257,0.12532890477207578,-0.45349369923440974,0.23448360100243765,0.047341133063634605,0.2295320933578437,-0.33175232950250994,0.28810653510323364,0.03434219814801411,0.2500361031006723,-0.39491606809483043,0.07936056747215672,0.03435794682952969,0.13440171327803918,-0.04896669669784876,0.09010885867679175,0.03246049490473626,0.04116335152924933,-0.21818809947510248,0.21189089846476486,0.042216146761739445,0.15609243320757604,-0.2894633786009403,-0.32816479446233393,0.08543501658019043,-0.17702474794585316,-0.10222023614466624,-0.13337094539336425,-0.14487996499415812,-1.0609196349659724,0.02696813804129323,-1.0099594627431883,1.1345400661502534,-0.9445664735513024,0.05790747055201272,-0.981231240598609,0.9608625768155005,-0.6810532303237399,0.05913735769100971,-0.6441796173822522,0.7780914709244104,-0.6537107105725365,0.05643882070393198,-0.42242976369156,0.6571515899759032,-0.9136724603698883,0.06629753657562477,-0.7299935695384007,0.9054035236467073,-0.850784501956688,0.053349864712774475,-0.757558730790802,0.8872098455025549,0.1339118535421583,0.23472182628434318,-0.02036866378310853,0.12458060340706512,0.12965111471175284,0.17540995410830662,0.18492481695088747,0.04609495265025968,0.14901060704122998,-0.3293540504415017,0.4464471289132176,0.0328771188654854,0.31864729920624424,-0.5293638356020798,0.504319042356269,0.027874163094796966,0.600390621590379,-0.3766690195385269,0.4404279922800314,0.034067092194639444,0.40785605843254463,-0.576207537590431,0.5348374514826275,0.05236969730159796,0.3839719514603036,-0.6214836956844138,0.42219128639660664,0.0386566048213559,0.37197530754614033,-0.4866156277713906,-0.21071653639583554,-0.23751174422411014,-0.16835147915788634,-0.1803434434002717,-0.11464032022525028,0.22372160205185215
0.6375,0.30836241291532607,0.03041294397138194,0.2820791001602116,-0.3434697916255391,0.22195175207064516,0.03638895686859443,0.2414427104234568,-0.30390521741345505,0.3930532001230086,0.02806354537008328,0.5327081373686436,-0.35969958174692906,0.14576744342861084,0.0373989513475663,0.09402084956790885,-0.2617043905559936,0.27699703666204256,0.03463936707609025,0.3032217597714935,-0.3435170473740286,0.26922636903992664,0.03338075292674324,0.2906945114583429,-0.3224592057431891,-0.061390691465327496,-0.16768354098808474,-0.04029528760253509,-0.06246250698999825,-0.031764694284846184,0.17300855562171458,-0.9541035579966846,0.03950102863405351,-0.8696649850649589,0.9531725316278621,-1.0141009713068734,0.05305226337465156,-1.1404176285861,1.0731225287067596,-0.7256847036844171,0.06041283768500464,-0.6092065296228684,0.7804554967610315,-0.7453613281885435,0.0847589720668514,-0.7581115624772938,0.6390667419419606,-0.7388672487801559,0.03445362153399191,-0.7103396766667825,1.023035616242459,-0.8356235619913349,0.0544357446589106,-0.8175480764836006,0.8937705830560144,0.17124896713816318,-0.11904482053533327,-0.06729509987934046,0.08350754656290316,0.0762225065724138,0.31269593957567643,0.1207195421666206,0.03158634556534571,0.11621933313225374,-0.1417062387343034,0.29087891169854685,0.04466201418281918,0.13942527138854643,-0.338628606086692,0.4170763198433503,0.03918980685685887,0.4230948046573647,-0.4216750662707304,0.42127112599256783,0.03349254153772655,0.3153426223069583,-0.5151941492603815,0.21989320990665134,0.04544736734921893,0.16937980984652323,-0.4978377651787109,0.2939678219215474,0.038875615098393844,0.23269236826632927,-0.38300836510616365,-0.19920333469814555,-0.3284579553321877,-0.19985152695342323,-0.025486905602049664,-0.15031599683983438,0.0014197383866342839
0.6625,0.515132236231776,0.023998342834368674,0.5506895267589791,-0.516434512180951,0.5392119217079192,0.03274761874019007,0.6171803212481657,-0.5344915221057182,0.6217957835508672,0.03779033438043988,0.6732811612046701,-0.7213988951742133,0.31807067867406474,0.035946745544119856,0.36215861255324383,-0.284178765137229,0.5469346556742346,0.02645213251635626,0.556466238398792,-0.43309245014078523,0.5082290551677724,0.031387034803094946,0.5519551720327701,-0.4979192289477793,0.03425501457802804,0.07797984741601482,0.12337378825800671,0.08268879914244753,0.05403594308499082,-0.04811773396954322,-0.6875276097426591,0.05347140942759325,-0.4847362091740419,0.7755021483575955,-1.0284162277911821,0.04101647323541574,-0.968520943327776,0.9766726875646101,-0.7293033348206301,0.08002334921976462,-0.9129508258658126,0.8484478310380043,-0.9663931711753074,0.027597917359648894,-1.010301173481399,0.6317555564852639,-0.6689613968123,0.033205880014576375,-0.6682257668798527,0.6605303873739524,-0.8161203480684158,0.047063005851399775,-0.8089469837457764,0.7785817221638852,-0.0645029948278083,-0.378545616996135,0.008151744236834069,0.29076593918355353,-0.030365261581891234,-0.007695379505900268,0.16719230486001627,0.022600833611491636,0.1629377057550683,-0.1289149775537719,0.2440027495629486,0.049093710750416145,0.35442039271717873,-0.23674221608075105,0.37831994202002006,0.043218716256833586,0.37283213178848607,-0.3384768581714398,0.2661350687447257,0.07064376578450224,0.46815562574078706,-0.2872720066550971,0.3082516263545714,0.05393298515355342,0.500349190100119,-0.15929080663646772,0.27278033830845644,0.04789800231135941,0.3717390092203279,-0.23013937301950552,0.11767817663642768,0.3410583834636513,0.18088361908568995,0.0340227282012964,0.14159963620082236,0.03435527361704627
0.6875,0.7093957407742463,0.021889148642842873,0.7752494963034325,-0.5976267454992427,0.6767307352064066,0.03112579524614873,0.6813882316248308,-0.7670899421441976,0.7205985212248074,0.03800526874705299,0.8482443270311949,-0.4120032446721474,0.4662874999537971,0.035993686377642296,0.5096063450548919,-0.40079192264476815,0.6910912906492178,0.025179279438750524,0.7007604845173404,-0.6999488331671395,0.652820757561695,0.030438635690487485,0.7030497769063381,-0.5754921376254991,0.17762275080418988,0.10881442241012373,0.0008116513502008926,-0.08570171051936681,0.12755763928083896,0.4362410823590475,-0.8050082219565061,0.0403385118512238,-0.8400010212272276,0.7928418977954795,-0.9999082032352244,0.05467027418127801,-0.7668073460853462,1.1622510174380416,-1.1680941021522258,0.03375324599053087,-1.1791633172638096,1.0066666967812297,-1.0494098472540454,0.025884859310051828,-0.9126576548254177,1.0935163334422802,-0.7498579944820061,0.031832500518201697,-0.77596172171008,0.5806276859894556,-0.9544556738160015,0.03729587837025724,-0.8949182122223762,0.9271807262892973,-0.17249662048257997,0.18085867861686244,0.3954436713526954,-0.04715912343174811,0.032262514066921044,-0.19533403572062447,0.09173341260511922,0.025764468253578553,0.09101729202226878,-0.10524974808190048,0.11541705511662083,0.05492619690815511,0.25670854292793555,0.03246692018404879,0.12104582046801904,0.045889100262534024,0.00996130041143414,-0.20891431299652946,0.6307859731174,0.05809900793998681,0.8325404553469001,0.278989273902299,0.22463173448300294,0.0438859156678269,0.21315459250068824,-0.21991317211362316,0.23672279915803243,0.04571293780641628,0.2806764366418454,-0.04452420782114106,0.28917546311198433,-0.006758579612934912,1.1115297292491992,-0.014232456059631693,0.23615222882070433,-0.19895301258509532
0.7125,0.7611258964057125,0.033025349576380474,0.6392593351346653,-0.7748198513246696,0.8958671153896364,0.031060182408204413,0.869722076417677,-0.9787950850469364,0.9470346688290558,0.036951083728877156,0.943074976675505,-0.9201756575325971,0.6765546813317099,0.05012544925378794,0.812504634726733,-0.6825792030591495,0.8650588634681792,0.022123141246725448,0.8932005397823105,-0.8925108725143037,0.8291282450848587,0.03465704124279509,0.8315523125473782,-0.8497761338955312,-0.1355605161900043,0.1299254316675834,0.0006896672680067883,-0.1090730086292594,-0.018223821348153035,0.02289931914290788,-1.1280884061973138,0.03742236334575547,-1.3151767616010028,0.9550945506208528,-1.1592248471784659,0.08284147381906394,-1.3004054852122942,0.6778620110703953,-1.2488814890747917,0.03546813193888233,-0.9667948048400449,1.3775878879398038,-1.0863627691719702,0.04129553703465847,-1.1513047460835186,0.960902871614011,-0.915494770539633,0.04648019485242262,-0.8717261981820075,0.8737412999967541,-1.1076104564324347,0.04870154019815657,-1.1210815991837735,0.9690377242483634,0.4107930830997589,-0.19040187446950763,-0.6225434741418988,-0.36008221098015003,-0.15204387493541005,0.0020151018147466226,-0.331766774351366,0.061093038597652555,-0.7409871086254097,0.05312079592843547,-0.08401018347614975,0.0660241090349923,-0.1814587551484036,-0.12382410118803083,-0.1487731150551878,0.060979086707215004,-0.19640689275556672,0.07506556511667971,0.4625742045056545,0.06868104615094117,0.07525408809919754,-0.901831616820578,0.08808780547353548,0.02673803956752608,0.06136526469642536,-0.12862369902999626,-0.0027776125807027095,0.05670306401166543,-0.19644668074675145,-0.20521861119869794,-0.3052828563364344,-0.0672584343335709,-0.8265775287213805,-0.6878663126969743,-0.4016652919454494,-0.12134132763888701
0.7375,0.4358198705826582,0.07535404825136038,0.3707735304980838,-0.42243769465569847,0.5085882867377188,0.03507014997628882,0.3736172404197804,-0.9058133260086296,0.5014532368327493,0.04080704402057558,0.35260927463746905,-0.7839374894077488,0.4208938676677353,0.06127608194616608,0.37517719076311096,-0.47391610538465734,0.631000963581597,0.03229576905361477,0.050902194787295844,-0.9631330782239133,0.49955124508049176,0.04896061864960113,0.304615886221148,-0.7098475387361295,-0.051664164157614656,-0.09873891462154638,-0.9122308834366174,-0.5321960855888492,-0.4052316525149815,-0.4313282147702797,-1.8646586807201582,0.03544330452731275,-1.9519589562500972,1.689879305483781,-1.236948797004049,0.05952253357633627,-0.8572373849722,1.5903944801611163,-1.6202863796044036,0.0373196475798863,-1.713403951252206,1.2040749449775199,-1.45737437954392,0.03657604217185238,-1.450518401405238,1.6069312156508193,-1.5336451892063434,0.05140637442630073,-1.65169885367955,1.236877602911259,-1.5425826852157747,0.044053580456337685,-1.524963509511858,1.4656315098368993,-0.509329006274686,0.1564128142455814,0.7331570951889163,-0.2620796507663161,-0.059331999674958835,-0.4148212507682911,-0.6728507164810996,0.06317885268188933,-0.42247391653505956,0.9032143547320579,-0.6026475558439529,0.10727307023154854,-0.05699943640811905,0.7766041482182825,-0.5204734892896657,0.05086867525618176,-0.5243622490621164,0.3127434668514028,-0.5278235609328013,0.10436905427847412,-0.10585542603621433,0.5522181119133389,-0.2846744750513155,0.04006311131864279,-0.22405308801543422,0.25899490154111904,-0.5216939595197669,0.07315055275334732,-0.2667488232113887,0.5607549966512402,0.7196047118101634,0.03494181352568482,0.4463626858771246,0.48074043819699835,0.29400617343985147,-0.21161878221071356
0.7625,-0.6360035577826877,0.10436283990958865,-0.43498258966957654,1.062692646485246,-0.9394259775822525,0.036725126541638294,-0.7899762616136067,0.9636426777195236,-0.7628423392659673,0.04622208748162135,-0.7359799343728656,0.7006104511165963,-0.6467102794334634,0.10067993288438036,-0.5385687208668156,0.5361113221228337,-1.145408456538967,0.05419836726911979,-0.8792680342353613,1.1983773159363988,-0.8260781221206676,0.06843767081726969,-0.6757551081516452,0.8922868826761198,0.6277100568156695,-0.0024573987439818756,0.3191092817010376,0.17366641610591693,0.21653177452447459,-0.03536948325626932,-2.439726411455475,0.03385158830021031,-2.397715797685555,2.469573345892732,-1.4238809353745354,0.06140573682381267,-1.6071667669884553,0.9640680215351194,-2.3344066278078763,0.02697912293538245,-2.1821870339314495,2.3934654586455326,-1.697878571780272,0.0361528725746494,-1.6701767904512066,1.734742172066054,-1.733439597652153,0.03989765260153379,-1.7416563831105158,1.706938100833622,-1.9258664288140621,0.039657394647117726,-1.9197805544334365,1.853757419794612,0.2112784247140831,0.06456538161484748,-0.6430987454533359,0.0718575482071766,-0.06602313463882448,-0.034718282276893886,-0.7421399490102977,0.051888060907355524,-0.7251797175903174,0.6828398705238045,-0.5809025709057325,0.05551787952280059,-0.5871423435235652,0.5381717727454246,-0.8503430904436746,0.029179168912286536,-0.936935220622078,0.6612141050198103,-0.6949080514221397,0.05852292162190581,-0.6751938210389189,0.855135402304999,-0.840116728296068,0.04554282508050838,-0.7331623397293939,1.0205561497010422,-0.7416820780155825,0.04813017120897137,-0.7315226885008548,0.7515834600590161,-0.0489705707781406,0.2873938099716483,0.17994158126608006,-0.04233984706651295,0.020060771558161328,-0.27572111560226775
0.7875,-0.8078657260609929,0.08649604945221989,-1.035675611159119,0.710275560906804,-1.0041495791313413,0.04510794658770655,-0.9585698667752632,1.0923353802380646,-1.3140611405978784,0.0402141831381484,-1.3639257091610646,1.1802879309897267,-1.1678823366533075,0.047377858199133746,-1.1781996229378897,1.0918395633846585,-1.0954789433919312,0.06460053066137013,-0.9137701964072245,1.4369689059423152,-1.0778875451670902,0.056759313607715745,-1.0900282012881122,1.1023414682923138,-0.325400050252315,-0.08636005955323123,0.5231987095350907,0.1337655134628014,0.012313267004201656,-0.18363777817133786,-2.5680455491370386,0.02514553092442841,-2.5117794054416107,2.6838593771655104,-1.8188938979641687,0.05777164634000354,-1.607835418428369,1.841880003920457,-2.421827509474009,0.043182344993965636,-1.463879509720944,2.492947826238846,-2.045997028925173,0.03631283646030541,-2.071148056793839,1.99843480192593,-2.254409704058843,0.0690932623635775,-2.800603901357132,2.0217098114855325,-2.221834737911847,0.0463011242164561,-2.091049258348379,2.207766364147255,1.0290683165179018,-0.07271325486790903,0.23404458549208806,0.17207997172389966,0.11671710579887584,-0.7788940898715997,-0.938097872436118,0.057191392130247876,-0.6371452750610407,1.1097734325801474,-0.8959009646411883,0.06643186645932911,-0.8876053578918106,0.8295124865866774,-1.2562034988001511,0.03372104077452667,-1.2325465801441815,1.249578731877942,-0.9002029171382462,0.03611713089454999,-0.927566911353827,0.9319694989461118,-0.8695207636131814,0.05559144934551377,-0.6807195891440142,0.9860633989619797,-0.971985203325777,0.04981057592083348,-0.8731167427189748,1.0213795097905716,-0.05809287130513319,0.3053438098179655,0.004402587592284846,0.4726281575191067,0.1482627670715968,0.017032151733760603
0.8125,-1.2631770586007849,0.06504742462428212,-1.3773998448738496,1.126934083856105,-1.299071877766733,0.05781048940591454,-1.4974874437428891,1.1700327949258214,-1.3939219059132752,0.04408083764147524,-0.919720255952871,1.4721138795372544,-1.513798717993487,0.03722969943643835,-1.558112291940042,1.446491622707077,-0.9671361110209653,0.06568110085959683,-0.875337967904677,0.9030471797763389,-1.2874211342590491,0.05396991039354142,-1.245611560882866,1.2237239121605192,-0.25046576101774454,-0.1116206692329651,0.027709211871661865,-0.32745464881706776,-0.02188764872234672,0.5523936235843834,-2.793088001375403,0.03557257998526802,-2.7714832933173343,2.7916998795812233,-1.9683271947395053,0.051021532265980295,-1.988353726389865,1.9806585310503484,-1.984488784454957,0.07364907109509203,-2.0396446240415,1.861709142058272,-2.1837233573978936,0.037568181695401694,-2.0050171965450296,2.2627072962061883,-2.649604876069542,0.05863817641751936,-2.5226467350036943,3.157918641446483,-2.31584644280746,0.05128990829185228,-2.2654291150594843,2.4109386980685032,-0.17793548198322773,0.25769009966115863,-0.0076951953395165695,0.020216586263889003,0.14550958300901895,0.6352719064427887,-1.053884558378633,0.09619695986927007,-1.165543534300215,0.8461415633437733,-1.4393791665566316,0.07497031508027308,-1.4456581917521287,1.3321889816762582,-1.4395167027490132,0.047487656492546264,-1.463009824807646,1.4793146264306412,-1.1410126894348505,0.04631441095317064,-1.12128759861619,1.0880368806420664,-1.0600213016249522,0.08020784850594692,-1.2671600194998436,0.8965713791625706,-1.226762883748816,0.0690354381802414,-1.2925318337952045,1.128450686251062,-0.11346921007587052,-0.370588640337273,-0.03325071797412371,-0.3194019709564416,-0.1640811475441426,0.01630480162299519
0.8375,-1.6150845967107939,0.05816076882439158,-1.5557244698152366,1.6352120757594837,-1.8639675010567145,0.10836040057170972,-1.476721264939258,2.1068559035531274,-1.4114161930813094,0.0618374853909772,-1.4989252722030086,1.2562465474012543,-1.866932217221964,0.04431556937343058,-1.8812170491724909,1.8893363066485847,-1.722948892660765,0.04002707475524453,-1.8688002074847672,1.1202275618263546,-1.6960698801463092,0.06254025978315073,-1.6562776527229524,1.6015756790377609,0.07948760594424709,0.008119257476093766,-0.7485726456584125,0.6301346386138693,-0.054701973685191474,-0.24267872480175434,-2.7532456858261023,0.05778738550449947,-2.371782012703346,3.1824210183829695,-2.335968089137975,0.037247772985055355,-2.3167138142665475,2.4114424804593053,-2.605526410174406,0.052702670196953065,-2.7559254818016004,2.4648282048427257,-2.5221674472461024,0.05997661328728084,-2.8765224154212925,2.3528618755884967,-2.8951809889084372,0.055599350635938224,-2.8351081291932716,2.885838203648929,-2.6224177242586046,0.052662758521945394,-2.631210370677212,2.659478356584485,-0.29109727695887466,-0.5236605398327958,0.09472866619275777,0.8106390056796235,0.028267985907273196,0.05073007445565736,-1.7210199321640969,0.05020817993374958,-1.7626564867574228,1.7564613776746076,-1.9332968206189574,0.052175501891896535,-2.0045121373514454,1.7851135261158442,-1.6784403611901086,0.037745492905913905,-1.5185932297249891,1.7886359690798233,-1.8081849341563103,0.035080786093450674,-1.8718207727027116,1.586653874689595,-1.8507107601362869,0.07634173463126218,-1.9871550867979433,1.597292928099031,-1.798330561653152,0.050310339091254576,-1.8289475426669024,1.70283153513178,-0.21939861123560123,-0.3898621586989124,-0.28516689801311657,-0.006195109082815176,-0.12611600753512242,0.27004273935483414
0.8625,-1.944751256007385,0.07009805578015581,-1.9858751768229255,1.8711921873029858,-1.9780926271312291,0.052561543784319015,-2.0261593875838577,1.4297780993141964,-1.7174136756107534,0.03935444343118395,-1.7364057030595499,1.7071419604119462,-2.14585780472934,0.052038587242808465,-1.912027847635774,2.1774706115283067,-2.126095633229588,0.029804564850577444,-2.1065722623656646,2.1646159345225153,-1.9824421993416592,0.048771439017808935,-1.9534080754935546,1.8700397586159903,-0.11468298951993972,0.26544276389253274,0.05804367215685069,-0.5963812882696613,-0.0833683168775643,-0.029263742647603674,-2.7393925339705927,0.0437914403575835,-2.7584992354659708,2.672522813774151,-2.493406562877749,0.0503565880584602,-2.6126007352695697,2.468758301424857,-3.063337385631494,0.062196101832425445,-3.2816535621152654,3.0477153647217627,-2.979036272930656,0.06164684254650919,-2.8860594135855973,3.281947559095083,-3.496052444203708,0.07766715766528616,-3.732783225399756,3.2318377410859025,-2.95424503992284,0.05913162609205289,-3.054319234367232,2.9405563560203514,-0.23393819739350263,0.3958881455094856,-0.14384243384471285,-0.08597642169181974,-0.11376287834688048,-0.5009454843138537,-1.9548960081643196,0.0407989510507188,-1.8515443712771433,1.9738996160448197,-2.2799684418216515,0.05057667996233854,-2.2444363767822977,2.2997732820460612,-2.1444591133926187,0.043826965284760266,-2.3189523333650714,1.8964282499467031,-2.1006151714058414,0.03174273343094255,-2.2184150217204537,2.0697868445675183,-2.2105721569658012,0.04983974623847931,-2.1762166084142565,2.387801517529654,-2.1381021783500467,0.043357015193447895,-2.1619129423118446,2.1255379020269514,0.05533690526376356,0.2115849091153974,-0.14862817715293541,0.12235524476767634,-0.036375040284893245,-0.42252408341836833
0.8875,-2.2612173777110702,0.055257122540822504,-2.222230725841443,2.3375264858477713,-2.377211782412623,0.030216639357901916,-2.392450646918565,2.3802472069786718,-2.2192987143776914,0.05920166463566658,-2.7337191014071633,2.0934881218635004,-2.444631170978937,0.07429362562621557,-2.407265546688149,2.5051241878581236,-2.6140007310709557,0.02620139311802091,-2.6881307818862625,2.453331964479083,-2.3832719553102555,0.0490340890557255,-2.488759360548317,2.35394359340543,0.11529576000632824,0.09785864116997445,-0.23479881740717934,-0.012203439939893368,-0.13481576714288712,-0.6402309795436629,-3.820781874856699,0.05067482047827874,-4.598415637397651,3.070939071289771,-4.406398187065933,0.04291502152259346,-4.5368180556571405,3.250591535075903,-4.70127381391141,0.04305008333220634,-4.856308960286995,3.571219701667014,-3.6178457112340356,0.08510212004098279,-4.155693694841902,3.5119280090476996,-4.398634805825153,0.12896755616120306,-4.232076878408287,4.402594773988754,-4.188986878578646,0.07014192030705288,-4.475862645318395,3.5614546182138285,-1.2850892586199811,-0.643765685794202,-1.2862265205812373,-1.5274765661078802,-0.9144080271045669,0.17051789558046693,-2.379727727906697,0.08211301934791734,-2.5138127572966202,2.3375893994143153,-2.811538096300622,0.07962333292064298,-3.1485072237056833,2.507012235937256,-2.5304137133631808,0.04979899047048899,-2.5687665362870273,2.4649389579134673,-2.368594949989937,0.053096536334362086,-2.399110927041514,2.3775846629605994,-2.7730506445864296,0.042267659147724825,-2.80242157847832,2.6108513607564907,-2.5726650264293736,0.06137990764422725,-2.686523804561833,2.459595323396426,-0.6414949877684273,-0.19157021772182947,-0.021526264080914626,-0.17622335788230492,-0.2269284811654071,-0.10382757837356005
0.9125,-2.7412858197552468,0.08590901396396912,-2.9709843663332314,2.58538485363088,-2.587298260277845,0.032785104884835346,-2.4352022087662024,2.6018419030534776,-2.393447259404889,0.061369130637284657,-2.1711579602848063,3.0028751556726996,-3.276771519283365,0.06404762644119844,-3.520903357004591,3.041719407984988,-3.079704757576861,0.035272036489362356,-2.887317184879191,3.1165314732778957,-2.8157015232596416,0.05587658248332998,-2.797113015453604,2.869670558723988,-0.38559951270235127,-0.4791839490196028,0.22921428839870472,0.1666396942872752,0.072557543270384,0.8317171953878932,-4.785543670703731,0.046649121099380325,-4.404571342693106,4.93997807641533,-4.963748623367518,0.030158319142992808,-4.892697570990005,4.9624171409061795,-5.325272046155795,0.05479271513855234,-5.176044304120438,5.304329146818532,-4.195273759693979,0.06975484984667163,-4.054815659674176,4.385764784362684,-4.242461406171691,0.11137704651074393,-3.8134957890918826,4.754028979343956,-4.7024599012185435,0.0625464103476682,-4.468324933313921,4.869303625569336,0.12828484269809337,0.3309491246885079,0.06971956991617478,0.5354067337222244,0.40097869225541505,0.9405331902520735,-3.008413951415653,0.09863080454193747,-2.9361713627577934,3.3744440829030236,-3.4288191438225097,0.1347441603988542,-3.193596689887858,3.580295252889325,-2.829432306653137,0.06226728641800639,-2.7170086998627543,3.2244235848260647,-3.162999894800373,0.15465608123661095,-3.5842015089831096,2.732433696702025,-3.4082279906205115,0.05657059908156842,-3.4490390943358435,3.1522145874236664,-3.167578657462437,0.10137378633539548,-3.1760034711654717,3.212762240948821,0.3866985630014672,-0.2968245069121771,-0.8517678122810848,0.4382727201452301,0.036758769783349354,0.5074148849633104
0.9375,-3.8354098495318802,0.15455204540631085,-3.9928824076697755,3.932190906375093,-3.6280026799219947,0.08575817586574758,-4.217833946827768,2.759176602728332,-2.830129683787988,0.07138617650728074,-2.8852748605236487,2.786939202307032,-3.9062201839256794,0.056979293568474816,-3.8378718528441444,3.924178407442747,-3.7271956706243032,0.0766589362807062,-3.7369809988779217,3.7736165448256,-3.585391613558369,0.08906692552570403,-3.734168813348652,3.435220332735761,-0.06069150129468248,0.08630655459860259,0.03663554594767815,-1.4586573440994357,-0.29894848061289103,-0.09833565821661683,-4.967694412929355,0.07199219525710969,-4.97334643916999,4.964022608926145,-5.574758584792903,0.056944650412152624,-5.58315365157034,5.486852321969352,-5.653659763882059,0.06686381243449228,-5.626568514016584,5.876005055944567,-4.748707926623357,0.04840561708464783,-4.855017865835948,4.499644432128277,-5.338774198768593,0.13111242185482802,-5.4948028696051106,4.714559845216617,-5.256718977399254,0.07506373940864608,-5.306577868039595,5.108216852836992,0.2494365419279836,-0.3553734337076708,-0.0963013296009878,-0.009323830243845421,-0.19836101520260296,-0.7802430243884935,-3.7996756022035902,0.08221261222628087,-3.7552940289680636,4.2641795519998436,-3.586330383306526,0.11389430810604828,-3.669412618771562,3.6076707957988674,-3.30353510237004,0.098714252720808,-3.538787309054409,3.2178666869690358,-3.981034961389844,0.06842952340586941,-3.937886054536418,4.834810780346598,-4.392076475761067,0.08211995498795105,-4.695416468264789,4.249462046941727,-3.812530505006214,0.08907413028939151,-3.9193592959190484,4.034797972411214,-0.06174182297269448,-0.4459544213230622,0.8969247258101802,0.5088855230317799,0.11543867649216555,-0.3209206220853731
0.9625,-5.256041103716314,0.15162423160167945,-5.737492667922555,4.397939331472574,-5.44689750798141,0.12815185710111826,-5.83107541305617,4.754206957402873,-4.293471044531345,0.20338234393775745,-5.697470501384374,3.990809800316405,-4.488275836071669,0.13350807774215473,-4.7077659445053035,4.33366281890544,-4.720481535098021,0.1796158456705022,-4.732625745013503,4.904214429597052,-4.8410334054797515,0.1592564712106424,-5.341286054376381,4.476166667538869,-1.3395533364499812,-0.3741031255998637,0.1715886845835488,-1.0768684556532966,-0.8651193868375122,-1.7066607010679689,-6.0004080567898646,0.13661776373920717,-6.390453132614584,5.760541532227316,-6.645160036718951,0.10112987612512991,-6.714751874447844,6.471481265420098,-6.520639879902444,0.12062972380747394,-6.780022127653133,6.496497285952806,-5.712518230599359,0.07960603039291302,-5.770463380686077,5.428947733346062,-6.352592093028027,0.10010137044567051,-6.209418607900864,6.67299536022824,-6.246263659407729,0.10761695290207891,-6.3730218246605,6.166092635434905,-0.2835248417003271,-0.3415156473400147,-0.24327060902774544,-0.6299116003872678,-0.20692918922559578,0.46357675232737616,-4.547559172714747,0.13747966186592958,-4.460751011998948,4.622764007712099,-5.538643424867429,0.13579446496358175,-6.583205069373464,4.324897656286071,-4.34625368880776,0.21508615995300037,-4.482045471016689,4.040496666866963,-5.07059375366952,0.08558390806584715,-5.596833754106472,4.479633716709953,-5.122785835077846,0.15914209785338007,-5.311976686997881,4.796043616468051,-4.92516717502746,0.1466172585403478,-5.286962398698691,4.452767132808627,-2.258307413087393,-0.5159330705298304,-1.1172000373965183,0.16201299571315086,-0.834195265890064,-0.4415488041497264
0.9875,-7.333188945533406,0.11243425315316503,-7.339080444016199,7.091537543881181,-6.7580918007936,0.12051131446763834,-6.416281364825651,6.640562071830526,-7.798312745404011,0.21141879809395353,-8.146327444723342,6.182019387655504,-7.098791775100637,0.12437784383132572,-7.305409203582298,6.103577953827307,-6.932013822032507,0.14362759519047785,-7.100324488449846,5.9799354022859985,-7.184079817772831,0.14247396094731207,-7.261484589119467,6.399526471896104,-0.24754290013501823,-1.2018312497549903,-1.120389086163848,0.22428070700487446,-0.861958117223363,-1.9643080570678384,-7.817285324066763,0.10715229129624172,-7.8962827102340585,7.459061332137422,-8.06281369207013,0.0891692344238481,-7.867919821679403,8.02127804467131,-7.81100739123505,0.09621110693164273,-7.7715581628450225,8.65135744234954,-7.603287979994017,0.08867162064961207,-7.797468576810729,6.842418835632898,-7.7393229336075935,0.08254646669896731,-7.865814177687778,7.475810743792032,-7.80674346419471,0.0927501440000624,-7.839808689851398,7.68998527971664,0.8797992795045166,-0.9550497411778309,0.1533582229919075,-0.43722137809663675,-0.14982341013475775,-0.3900034338957461,-6.7592394644902685,0.12345055046100747,-6.974408103800505,5.992729577391941,-7.443661462381005,0.0775356105066183,-6.98379543030885,7.443207277944311,-5.787500160118064,0.2473262924133147,-5.503831057396544,5.302124764996824,-7.120426178931407,0.08436398788661552,-7.13678172510297,6.683607753139619,-5.774273690237649,0.18898406162062514,-5.508551412741271,6.702686726856114,-6.5770201912316795,0.1443321005776362,-6.421473545870027,6.4248712200657625,0.4594118476354616,1.1941353141148427,-0.4531739719633503,-0.9816785264085635,0.003397674195735334,-0.20170629239972016
