,PE_to_PC,PE_to_PC,PE_to_PC,PE_to_PC,PE_to_PC,PE_to_PC,PE_to_PC,PE_to_PC,PE_to_PC,PE_to_PC,PC_to_PG,PC_to_PG,PC_to_PG,PC_to_PG,PC_to_PG,PC_to_PG,PC_to_PG,PC_to_PG,PC_to_PG,PC_to_PG,PE_to_PG,PE_to_PG,PE_to_PG,PE_to_PG,PE_to_PG,PE_to_PG,PE_to_PG,PE_to_PG,PE_to_PG,PE_to_PG
,,,,,mean,mean,mean,mean,,mean,,,,,mean,mean,mean,mean,,mean,,,,,mean,mean,mean,mean,,mean
,df,ddf,dG_f,dG_b,df,ddf,dG_f,dG_b,diff,diff,df,ddf,dG_f,dG_b,df,ddf,dG_f,dG_b,diff,diff,df,ddf,dG_f,dG_b,df,ddf,dG_f,dG_b,diff,diff
0.00417,3.455159181351178,0.07341720326502078,3.4177325117590858,-3.5278488718938887,3.455159181351178,0.07341720326502078,3.4177325117590858,-3.5278488718938887,-0.11011636013480297,-0.11011636013480297,2.830745214863721,0.04759974793824854,2.8365190111677294,-2.886662437441455,2.830745214863721,0.04759974793824854,2.8365190111677294,-2.886662437441455,-0.05014342627372548,-0.05014342627372548,3.3368366187190497,0.022092952290742148,3.5181651392561517,-3.2941711793060695,3.3368366187190497,0.022092952290742148,3.5181651392561517,-3.2941711793060695,0.2239939599500822,0.2239939599500822
0.0125,3.1168498471797528,0.11609335841966081,3.854780361551957,-2.9833477398543846,3.1168498471797528,0.11609335841966081,3.854780361551957,-2.9833477398543846,0.8714326216975725,0.8714326216975725,2.747625496077247,0.032023875611639656,2.8202157012799605,-2.7385886283206506,2.747625496077247,0.032023875611639656,2.8202157012799605,-2.7385886283206506,0.08162707295930982,0.08162707295930982,3.5079122273012002,0.04455471511037491,3.554217936983707,-3.4832191899248026,3.5079122273012002,0.04455471511037491,3.554217936983707,-3.4832191899248026,0.07099874705890441,0.07099874705890441
0.02083,3.153932580151203,0.11778909196131122,3.2837433685599406,-2.901389051804388,3.153932580151203,0.11778909196131122,3.2837433685599406,-2.901389051804388,0.38235431675555276,0.38235431675555276,2.4890616842567614,0.051496298879598425,2.458472054726538,-2.544984117380245,2.4890616842567614,0.051496298879598425,2.458472054726538,-2.544984117380245,-0.08651206265370703,-0.08651206265370703,3.2519201792973687,0.07521287167992846,3.1163301079475367,-3.2852572892188707,3.2519201792973687,0.07521287167992846,3.1163301079475367,-3.2852572892188707,-0.168927181271334,-0.168927181271334
0.02917,2.9436125142814302,0.07123650054059118,2.985531785957571,-2.749737915974014,2.9436125142814302,0.07123650054059118,2.985531785957571,-2.749737915974014,0.2357938699835569,0.2357938699835569,2.0951575770786164,0.0521162173022623,2.020331675088913,-2.2488793451778673,2.0951575770786164,0.0521162173022623,2.020331675088913,-2.2488793451778673,-0.22854767008895438,-0.22854767008895438,2.9362487678468003,0.08579085065123611,2.8849789886557593,-2.903661206934625,2.9362487678468003,0.08579085065123611,2.8849789886557593,-2.903661206934625,-0.018682218278865736,-0.018682218278865736
0.0375,2.7307850407349146,0.07708954970731596,2.6293437204051364,-2.722631061560006,2.7307850407349146,0.07708954970731596,2.6293437204051364,-2.722631061560006,-0.09328734115486936,-0.09328734115486936,2.0608640379109393,0.03373005155422657,2.0740990823633867,-2.038549387935911,2.0608640379109393,0.03373005155422657,2.0740990823633867,-2.038549387935911,0.035549694427475576,0.035549694427475576,2.668892786582176,0.09238454396368752,2.3079851578893256,-2.9388765389827487,2.668892786582176,0.09238454396368752,2.3079851578893256,-2.9388765389827487,-0.6308913810934231,-0.6308913810934231
0.04583,2.4393784631482958,0.10364718728417842,2.420537777661861,-2.3951851078910535,2.4393784631482958,0.10364718728417842,2.420537777661861,-2.3951851078910535,0.025352669770807523,0.025352669770807523,1.9632058465611826,0.028940197730688566,1.9683491014620877,-1.9353158347052346,1.9632058465611826,0.028940197730688566,1.9683491014620877,-1.9353158347052346,0.03303326675685314,0.03303326675685314,1.9075100018495452,0.03358736845486056,1.8947681503233338,-2.0032016371562196,1.9075100018495452,0.03358736845486056,1.8947681503233338,-2.0032016371562196,-0.10843348683288578,-0.10843348683288578
0.05417,1.9501374917982561,0.05889887908455045,1.9148838361902465,-2.199267782415602,1.9501374917982561,0.05889887908455045,1.9148838361902465,-2.199267782415602,-0.28438394622535546,-0.28438394622535546,1.803560652213041,0.02149272095379264,1.7411753623874366,-1.9137235427105301,1.803560652213041,0.02149272095379264,1.7411753623874366,-1.9137235427105301,-0.1725481803230935,-0.1725481803230935,1.7828400405555829,0.02403693770658452,1.8469114623387932,-1.7830464554858363,1.7828400405555829,0.02403693770658452,1.8469114623387932,-1.7830464554858363,0.06386500685295693,0.06386500685295693
0.0625,1.6598979193417145,0.05455622391836819,1.9390794367528554,-1.6597364639946455,1.6598979193417145,0.05455622391836819,1.9390794367528554,-1.6597364639946455,0.27934297275820996,0.27934297275820996,1.6086104694747554,0.013214120561674642,1.6323797585791524,-1.557854150769223,1.6086104694747554,0.013214120561674642,1.6323797585791524,-1.557854150769223,0.07452560780992945,0.07452560780992945,1.784952680696126,0.0554017241992885,1.8867246606454096,-1.5575551430029577,1.784952680696126,0.0554017241992885,1.8867246606454096,-1.5575551430029577,0.32916951764245184,0.32916951764245184
0.07083,1.6889088922050421,0.055547392797208495,1.6774287993201134,-1.6482739734598677,1.6889088922050421,0.055547392797208495,1.6774287993201134,-1.6482739734598677,0.029154825860245648,0.029154825860245648,1.612372408927566,0.012473894544482955,1.5973272380425185,-1.626999897865602,1.612372408927566,0.012473894544482955,1.5973272380425185,-1.626999897865602,-0.029672659823083425,-0.029672659823083425,1.5403739076960812,0.032848546064480226,1.416944547702316,-1.7569458573654049,1.5403739076960812,0.032848546064480226,1.416944547702316,-1.7569458573654049,-0.34000130966308895,-0.34000130966308895
0.07917,1.5885335664843727,0.04326412283154028,1.5248319666266077,-1.6325083716964133,1.5885335664843727,0.04326412283154028,1.5248319666266077,-1.6325083716964133,-0.10767640506980558,-0.10767640506980558,1.6270479094985701,0.020340867765546687,1.7077190784278051,-1.6060357120392976,1.6270479094985701,0.020340867765546687,1.7077190784278051,-1.6060357120392976,0.1016833663885075,0.1016833663885075,1.4350718774758147,0.02090432907310591,1.46673537545747,-1.3903951969494384,1.4350718774758147,0.02090432907310591,1.46673537545747,-1.3903951969494384,0.07634017850803154,0.07634017850803154
0.0875,1.48418279273603,0.011892462107144798,1.4771356778326339,-1.5463590451031972,1.48418279273603,0.011892462107144798,1.4771356778326339,-1.5463590451031972,-0.06922336727056333,-0.06922336727056333,1.656358726712563,0.02534174473005657,1.6095465603886003,-1.753653046031472,1.656358726712563,0.02534174473005657,1.6095465603886003,-1.753653046031472,-0.14410648564287176,-0.14410648564287176,1.4600507778825078,0.026303698303217382,1.4178333952912527,-1.497602087578989,1.4600507778825078,0.026303698303217382,1.4178333952912527,-1.497602087578989,-0.07976869228773631,-0.07976869228773631
0.09583,1.2970896437622907,0.00688826345814332,1.3022133985391953,-1.2897078389000645,1.2970896437622907,0.00688826345814332,1.3022133985391953,-1.2897078389000645,0.012505559639130803,0.012505559639130803,1.411759824322166,0.014470688448939036,1.4049296189119687,-1.4154628181746207,1.411759824322166,0.014470688448939036,1.4049296189119687,-1.4154628181746207,-0.01053319926265206,-0.01053319926265206,1.1263730462696553,0.039735318556510794,1.1224411953842377,-1.0932618570566754,1.1263730462696553,0.039735318556510794,1.1224411953842377,-1.0932618570566754,0.029179338327562254,0.029179338327562254
0.10417,1.2918424666479156,0.00907529368153745,1.2958435458199857,-1.291344233110658,1.2918424666479156,0.00907529368153745,1.2958435458199857,-1.291344233110658,0.004499312709327796,0.004499312709327796,1.3746437771873798,0.010472118367797809,1.3764747619526378,-1.3755126457904716,1.3746437771873798,0.010472118367797809,1.3764747619526378,-1.3755126457904716,0.0009621161621662377,0.0009621161621662377,1.0621078832263953,0.020557089168495326,1.0486206231232178,-1.083295262937247,1.0621078832263953,0.020557089168495326,1.0486206231232178,-1.083295262937247,-0.034674639814029184,-0.034674639814029184
0.1125,1.3215338756141863,0.017682772513851898,1.3205345382943756,-1.3132851029668748,1.3215338756141863,0.017682772513851898,1.3205345382943756,-1.3132851029668748,0.007249435327500775,0.007249435327500775,1.3703516788179977,0.009521769435105045,1.3983614725535114,-1.3501853983651737,1.3703516788179977,0.009521769435105045,1.3983614725535114,-1.3501853983651737,0.04817607418833769,0.04817607418833769,1.1458163958453171,0.015071882192499069,1.20833428086898,-1.0600721602834318,1.1458163958453171,0.015071882192499069,1.20833428086898,-1.0600721602834318,0.14826212058554833,0.14826212058554833
0.12083,1.1292402539135882,0.01725922656585362,1.0767549357428667,-1.1932964737591867,1.1292402539135882,0.01725922656585362,1.0767549357428667,-1.1932964737591867,-0.11654153801631995,-0.11654153801631995,1.2525438696296425,0.013960851008467681,1.7409453698432147,-1.2323876551603627,1.2525438696296425,0.013960851008467681,1.7409453698432147,-1.2323876551603627,0.5085577146828519,0.5085577146828519,1.1682123793982913,0.016739661966548778,1.243500373787723,-1.1092434442622094,1.1682123793982913,0.016739661966548778,1.243500373787723,-1.1092434442622094,0.1342569295255136,0.1342569295255136
0.12917,0.9759242717087923,0.022758743070446164,1.0812086812978081,-0.9405780044717973,0.9759242717087923,0.022758743070446164,1.0812086812978081,-0.9405780044717973,0.14063067682601083,0.14063067682601083,1.3524824011243326,0.04456197928743611,1.1984855670703651,-1.5948038528348543,1.3524824011243326,0.04456197928743611,1.1984855670703651,-1.5948038528348543,-0.39631828576448913,-0.39631828576448913,1.1561004446492458,0.013198259280931355,1.1499302727344143,-1.196321322297406,1.1561004446492458,0.013198259280931355,1.1499302727344143,-1.196321322297406,-0.04639104956299178,-0.04639104956299178
0.1375,1.1184803528587457,0.02395844575425475,1.1421942736762565,-1.0337186053538427,1.1184803528587457,0.02395844575425475,1.1421942736762565,-1.0337186053538427,0.10847566832241373,0.10847566832241373,1.083197072735256,0.018190267385697505,1.050757909475822,-1.222518503153213,1.083197072735256,0.018190267385697505,1.050757909475822,-1.222518503153213,-0.17176059367739116,-0.17176059367739116,1.1805234717387345,0.014422532309302133,1.09390049012037,-1.1968843128840343,1.1805234717387345,0.014422532309302133,1.09390049012037,-1.1968843128840343,-0.10298382276366436,-0.10298382276366436
0.14583,0.9419557102829329,0.012314524428793187,0.9386380192691277,-0.955793157828951,0.9419557102829329,0.012314524428793187,0.9386380192691277,-0.955793157828951,-0.017155138559823313,-0.017155138559823313,0.7753220189584485,0.014721829729211154,0.6027275391057514,-0.8229051236922639,0.7753220189584485,0.014721829729211154,0.6027275391057514,-0.8229051236922639,-0.2201775845865125,-0.2201775845865125,0.8528984120605476,0.024999968247973823,0.8684659136239765,-0.8369477925309681,0.8528984120605476,0.024999968247973823,0.8684659136239765,-0.8369477925309681,0.031518121093008444,0.031518121093008444
0.15417,0.9892414247366904,0.013803981519145365,0.919678341217052,-1.0053061921661188,0.9892414247366904,0.013803981519145365,0.919678341217052,-1.0053061921661188,-0.08562785094906677,-0.08562785094906677,0.6906244797869422,0.018160235179288515,0.6978222904975353,-0.6736606539162603,0.6906244797869422,0.018160235179288515,0.6978222904975353,-0.6736606539162603,0.024161636581275014,0.024161636581275014,0.8672495501162824,0.021077160469836563,0.86420498903002,-0.8663369612969472,0.8672495501162824,0.021077160469836563,0.86420498903002,-0.8663369612969472,-0.0021319722669271846,-0.0021319722669271846
0.1625,0.9143872179934458,0.03429107972784391,1.0688273500274508,-0.8709754639000474,0.9143872179934458,0.03429107972784391,1.0688273500274508,-0.8709754639000474,0.19785188612740334,0.19785188612740334,0.7448716159038784,0.018305616959339775,1.0970722761204998,-0.7032422553111148,0.7448716159038784,0.018305616959339775,1.0970722761204998,-0.7032422553111148,0.393830020809385,0.393830020809385,0.967143387242786,0.015017943156473973,0.979536310984234,-0.9416352164978437,0.967143387242786,0.015017943156473973,0.979536310984234,-0.9416352164978437,0.03790109448639034,0.03790109448639034
0.17083,0.7922813805489496,0.04137071678045784,0.7506037785456395,-0.8722284590919579,0.7922813805489496,0.04137071678045784,0.7506037785456395,-0.8722284590919579,-0.12162468054631836,-0.12162468054631836,0.720677133126604,0.01254400709068213,0.7098701636373637,-0.8761509204412203,0.720677133126604,0.01254400709068213,0.7098701636373637,-0.8761509204412203,-0.16628075680385668,-0.16628075680385668,0.8090541664900025,0.013432783437059928,0.792858183753323,-0.8209504037090078,0.8090541664900025,0.013432783437059928,0.792858183753323,-0.8209504037090078,-0.028092219955684894,-0.028092219955684894
0.17917,0.6733351440683226,0.021090421352340107,0.6893008374398952,-0.6330818986548441,0.6733351440683226,0.021090421352340107,0.6893008374398952,-0.6330818986548441,0.05621893878505113,0.05621893878505113,0.6202142558854257,0.008481655581084217,0.600883394214071,-0.6289290050486229,0.6202142558854257,0.008481655581084217,0.600883394214071,-0.6289290050486229,-0.028045610834551926,-0.028045610834551926,0.7407492299518602,0.01658306859001892,0.7600610933746222,-0.730684336936852,0.7407492299518602,0.01658306859001892,0.7600610933746222,-0.730684336936852,0.02937675643777027,0.02937675643777027
0.1875,0.3750579770563692,0.025575866430431818,0.20412961900904356,-0.41983513999429456,0.3750579770563692,0.025575866430431818,0.20412961900904356,-0.41983513999429456,-0.215705520985251,-0.215705520985251,0.3944668878121997,0.010957461452182298,0.3216142018242185,-0.4021978571929795,0.3944668878121997,0.010957461452182298,0.3216142018242185,-0.4021978571929795,-0.080583655368761,-0.080583655368761,0.45839266419181074,0.022537685909710125,0.10755114380567228,-0.5038849504038811,0.45839266419181074,0.022537685909710125,0.10755114380567228,-0.5038849504038811,-0.3963338065982089,-0.3963338065982089
0.19583,0.3643452531312469,0.010905632055934967,0.36351406010335213,-0.3577727349515033,0.3643452531312469,0.010905632055934967,0.36351406010335213,-0.3577727349515033,0.005741325151848831,0.005741325151848831,0.4824462180634174,0.018495756509376918,0.48861219581571314,-0.445839582240207,0.4824462180634174,0.018495756509376918,0.48861219581571314,-0.445839582240207,0.04277261357550616,0.04277261357550616,0.3327294140427302,0.04761830992749164,0.3678557546454347,-0.31783377782377764,0.3327294140427302,0.04761830992749164,0.3678557546454347,-0.31783377782377764,0.050021976821657044,0.050021976821657044
0.20417,0.3196397816867789,0.010242084228254289,0.43770335937182203,-0.31106518346510126,0.3196397816867789,0.010242084228254289,0.43770335937182203,-0.31106518346510126,0.12663817590672077,0.12663817590672077,0.3845398117017334,0.012639864843820958,0.38567196728355857,-0.3892067362423032,0.3845398117017334,0.012639864843820958,0.38567196728355857,-0.3892067362423032,-0.003534768958744605,-0.003534768958744605,0.4142531657368925,0.025963156787330376,0.43050993891489997,-0.3166343237897685,0.4142531657368925,0.025963156787330376,0.43050993891489997,-0.3166343237897685,0.11387561512513145,0.11387561512513145
0.2125,0.3796769304548647,0.03131584314932786,0.31310104073484857,-0.4759264846591098,0.3796769304548647,0.03131584314932786,0.31310104073484857,-0.4759264846591098,-0.16282544392426124,-0.16282544392426124,0.38237043147667155,0.011020666505517446,0.35505361883522685,-0.42223431526188937,0.38237043147667155,0.011020666505517446,0.35505361883522685,-0.42223431526188937,-0.06718069642666252,-0.06718069642666252,0.4956882301343072,0.01922729619638011,0.5416041558277536,-0.4218964850871081,0.4956882301343072,0.01922729619638011,0.5416041558277536,-0.4218964850871081,0.11970767074064548,0.11970767074064548
0.22083,0.2808021899595248,0.024663201237679178,0.2973146300200567,-0.24013018983082893,0.2808021899595248,0.024663201237679178,0.2973146300200567,-0.24013018983082893,0.057184440189227775,0.057184440189227775,0.22237964273350347,0.011208183159426703,0.24119151507257874,-0.21376801327057937,0.22237964273350347,0.011208183159426703,0.24119151507257874,-0.21376801327057937,0.027423501801999373,0.027423501801999373,0.24861112022270837,0.021388966420261873,0.03460580427428198,-0.3936987818452909,0.24861112022270837,0.021388966420261873,0.03460580427428198,-0.3936987818452909,-0.3590929775710089,-0.3590929775710089
0.22917,0.010671516147917079,0.020092803506547036,-0.1081912158912023,-0.1312316010955799,0.010671516147917079,0.020092803506547036,-0.1081912158912023,-0.1312316010955799,-0.2394228169867822,-0.2394228169867822,0.11159628571792905,0.008393809951990704,0.10631510216756734,-0.13593218935053206,0.11159628571792905,0.008393809951990704,0.10631510216756734,-0.13593218935053206,-0.029617087182964713,-0.029617087182964713,-0.12546077895232044,0.02456719265321047,-0.12295513579926226,0.1226445929403706,-0.12546077895232044,0.02456719265321047,-0.12295513579926226,0.1226445929403706,-0.0003105428588916631,-0.0003105428588916631
0.2375,-0.023053480901287206,0.022137273207494295,0.1390394498233245,0.02851596356544,-0.023053480901287206,0.022137273207494295,0.1390394498233245,0.02851596356544,0.1675554133887645,0.1675554133887645,0.21106283071406806,0.00664099429540846,0.18421748966215729,-0.22732643611533498,0.21106283071406806,0.00664099429540846,0.18421748966215729,-0.22732643611533498,-0.0431089464531777,-0.0431089464531777,-0.10246860898224884,0.023774705934690544,-0.15901040897224095,-0.026872574109216597,-0.10246860898224884,0.023774705934690544,-0.15901040897224095,-0.026872574109216597,-0.18588298308145754,-0.18588298308145754
0.24583,-0.08351134082453837,0.06216461947401596,-0.12036259866940369,-0.0090071016349261,-0.08351134082453837,0.06216461947401596,-0.12036259866940369,-0.0090071016349261,-0.1293697003043298,-0.1293697003043298,0.04392040311503198,0.009877554896802844,0.6619086131259566,-0.03889985529097023,0.04392040311503198,0.009877554896802844,0.6619086131259566,-0.03889985529097023,0.6230087578349863,0.6230087578349863,-0.07517661035797518,0.020135350253594225,0.17470669198389585,0.2796236555366726,-0.07517661035797518,0.020135350253594225,0.17470669198389585,0.2796236555366726,0.45433034752056844,0.45433034752056844
0.25417,-0.28930718500618724,0.018620397898899913,-0.3032488176330112,0.2802240541474794,-0.28930718500618724,0.018620397898899913,-0.3032488176330112,0.2802240541474794,-0.023024763485531785,-0.023024763485531785,0.19162426203371166,0.015169834757926404,0.18649142073967437,-0.31415720612388487,0.19162426203371166,0.015169834757926404,0.18649142073967437,-0.31415720612388487,-0.1276657853842105,-0.1276657853842105,0.10644635564026993,0.03274705207340493,0.006410571210820359,-0.1637055095215285,0.10644635564026993,0.03274705207340493,0.006410571210820359,-0.1637055095215285,-0.15729493831070815,-0.15729493831070815
0.2625,-0.4124051020014998,0.018849114174951175,-0.48132298244363453,0.4038705344778659,-0.4124051020014998,0.018849114174951175,-0.48132298244363453,0.4038705344778659,-0.07745244796576861,-0.07745244796576861,0.02926442550392649,0.012462273709665917,-0.04408947056809115,-0.03833709434925872,0.02926442550392649,0.012462273709665917,-0.04408947056809115,-0.03833709434925872,-0.08242656491734987,-0.08242656491734987,-0.14337521708473852,0.05806958777264949,-0.16054421738619226,0.14279156455895756,-0.14337521708473852,0.05806958777264949,-0.16054421738619226,0.14279156455895756,-0.017752652827234705,-0.017752652827234705
0.27083,-0.3678858753228664,0.022214893241264244,-0.3682330083229104,0.3600481239416385,-0.3678858753228664,0.022214893241264244,-0.3682330083229104,0.3600481239416385,-0.008184884381271906,-0.008184884381271906,-0.08584761001273536,0.021202714630541852,-0.1559977121417453,-0.0818080736625228,-0.08584761001273536,0.021202714630541852,-0.1559977121417453,-0.0818080736625228,-0.2378057858042681,-0.2378057858042681,-0.16766535131628388,0.03709844303464275,-0.1972519589816274,0.10865832594893535,-0.16766535131628388,0.03709844303464275,-0.1972519589816274,0.10865832594893535,-0.08859363303269205,-0.08859363303269205
0.27917,-0.5581192216643139,0.014887363955961543,-0.6039766362241311,0.48204902436491176,-0.5581192216643139,0.014887363955961543,-0.6039766362241311,0.48204902436491176,-0.12192761185921935,-0.12192761185921935,-0.29000054132658243,0.018807912291742543,-0.2273485211304297,0.293193121671966,-0.29000054132658243,0.018807912291742543,-0.2273485211304297,0.293193121671966,0.06584460054153629,0.06584460054153629,-0.17116970403659898,0.038646450084623585,-0.08469521713066556,0.2579348858937931,-0.17116970403659898,0.038646450084623585,-0.08469521713066556,0.2579348858937931,0.17323966876312752,0.17323966876312752
0.2875,-0.6819676811122367,0.017527189358918435,-0.33604567983840467,0.7251051252798874,-0.6819676811122367,0.017527189358918435,-0.33604567983840467,0.7251051252798874,0.3890594454414827,0.3890594454414827,-0.04955933148179919,0.012891163896818417,-0.03660091736539318,0.4505450019829961,-0.04955933148179919,0.012891163896818417,-0.03660091736539318,0.4505450019829961,0.4139440846176029,0.4139440846176029,-0.28417936247231984,0.02681406363247763,-0.32872329808625594,0.1518520326980452,-0.28417936247231984,0.02681406363247763,-0.32872329808625594,0.1518520326980452,-0.17687126538821074,-0.17687126538821074
0.29583,-0.2655071105280502,0.015797231041850046,-0.2737697102010399,0.2020612639510577,-0.2655071105280502,0.015797231041850046,-0.2737697102010399,0.2020612639510577,-0.07170844624998221,-0.07170844624998221,-0.01580483112015648,0.008979359917167324,-0.02380797157202396,0.005511255315405978,-0.01580483112015648,0.008979359917167324,-0.02380797157202396,0.005511255315405978,-0.01829671625661798,-0.01829671625661798,-0.2094334825866789,0.02571521855788604,-0.1645923454370444,0.22644730891900797,-0.2094334825866789,0.02571521855788604,-0.1645923454370444,0.22644730891900797,0.061854963481963565,0.061854963481963565
0.30417,-0.3311547761276496,0.012383849113534021,-0.3121659872793689,0.3396482623309901,-0.3311547761276496,0.012383849113534021,-0.3121659872793689,0.3396482623309901,0.027482275051621208,0.027482275051621208,-0.05333451675334655,0.009774555498662732,-0.07318234296502323,0.046002976205213236,-0.05333451675334655,0.009774555498662732,-0.07318234296502323,0.046002976205213236,-0.02717936675980999,-0.02717936675980999,-0.328434074980788,0.04204966475034827,-0.4417697298697301,0.30439672095407555,-0.328434074980788,0.04204966475034827,-0.4417697298697301,0.30439672095407555,-0.13737300891565457,-0.13737300891565457
0.3125,-0.1960931486682669,0.02211808660034966,-0.4656300779595666,0.17169325798080257,-0.1960931486682669,0.02211808660034966,-0.4656300779595666,0.17169325798080257,-0.2939368199787641,-0.2939368199787641,0.10715398539382956,0.017191755935510627,0.0004289053316837151,-0.13074396668509597,0.10715398539382956,0.017191755935510627,0.0004289053316837151,-0.13074396668509597,-0.13031506135341225,-0.13031506135341225,-0.1168159223630348,0.03878584514380544,-0.14001193783875465,0.04168408389535736,-0.1168159223630348,0.03878584514380544,-0.14001193783875465,0.04168408389535736,-0.0983278539433973,-0.0983278539433973
0.32083,-0.5664747899201908,0.02651487893261167,-0.5749471865478913,0.5071370672685265,-0.5664747899201908,0.02651487893261167,-0.5749471865478913,0.5071370672685265,-0.06781011927936487,-0.06781011927936487,-0.2946642635977327,0.014672751430203473,-0.2914060570245748,0.3168554637893694,-0.2946642635977327,0.014672751430203473,-0.2914060570245748,0.3168554637893694,0.025449406764794624,0.025449406764794624,-0.4682620366276703,0.025439781860066492,-0.4851520041560122,0.41715485001490826,-0.4682620366276703,0.025439781860066492,-0.4851520041560122,0.41715485001490826,-0.06799715414110391,-0.06799715414110391
0.32917,-0.5267006060723128,0.013527655652165318,-0.485134713415265,0.6050828647502524,-0.5267006060723128,0.013527655652165318,-0.485134713415265,0.6050828647502524,0.11994815133498743,0.11994815133498743,-0.29226911025945623,0.011999898400817704,-0.2317207601450127,0.31584768270162433,-0.29226911025945623,0.011999898400817704,-0.2317207601450127,0.31584768270162433,0.08412692255661164,0.08412692255661164,-0.4229409148457767,0.016433199077136272,-0.38397762225472304,0.5062255529551244,-0.4229409148457767,0.016433199077136272,-0.38397762225472304,0.5062255529551244,0.12224793070040135,0.12224793070040135
0.3375,-0.6128882712511567,0.009787355793736977,-0.6105740266145325,0.6174627003034968,-0.6128882712511567,0.009787355793736977,-0.6105740266145325,0.6174627003034968,0.006888673688964286,0.006888673688964286,-0.3701201777951539,0.01650984512490607,-0.34511637913761584,0.38598966151005054,-0.3701201777951539,0.01650984512490607,-0.34511637913761584,0.38598966151005054,0.040873282372434705,0.040873282372434705,-0.5960118302557804,0.011543949974960834,-0.6460201697376785,0.4946942157905683,-0.5960118302557804,0.011543949974960834,-0.6460201697376785,0.4946942157905683,-0.15132595394711018,-0.15132595394711018
0.34583,-0.6038865077509081,0.010100468304613376,-0.6658988249689671,0.5413599220278414,-0.6038865077509081,0.010100468304613376,-0.6658988249689671,0.5413599220278414,-0.12453890294112568,-0.12453890294112568,-0.3175504758744519,0.019646403860976262,-0.39455547574038474,0.29323802277669,-0.3175504758744519,0.019646403860976262,-0.39455547574038474,0.29323802277669,-0.10131745296369477,-0.10131745296369477,-0.558340135182159,0.009591364018670086,-0.5477722951837366,0.5695809247268253,-0.558340135182159,0.009591364018670086,-0.5477722951837366,0.5695809247268253,0.02180862954308871,0.02180862954308871
0.35417,-0.6089933309591791,0.012028623862235684,-0.6336568458341065,0.593346511493768,-0.6089933309591791,0.012028623862235684,-0.6336568458341065,0.593346511493768,-0.04031033434033848,-0.04031033434033848,-0.4352402614208978,0.020947853894856205,-0.452600600506013,0.3604697625664952,-0.4352402614208978,0.020947853894856205,-0.452600600506013,0.3604697625664952,-0.09213083793951776,-0.09213083793951776,-0.4797053610480031,0.012754177146662743,-0.6171439594051952,0.4606780645240963,-0.4797053610480031,0.012754177146662743,-0.6171439594051952,0.4606780645240963,-0.15646589488109885,-0.15646589488109885
0.3625,-0.7697307343917286,0.010198431487855136,-0.7692285315597785,0.7774887695109751,-0.7697307343917286,0.010198431487855136,-0.7692285315597785,0.7774887695109751,0.00826023795119657,0.00826023795119657,-0.6424377179910693,0.01651423606346583,-0.6250566607768819,0.6605113260011473,-0.6424377179910693,0.01651423606346583,-0.6250566607768819,0.6605113260011473,0.035454665224265325,0.035454665224265325,-0.7948811365843004,0.02549607626356503,-0.7479796403441085,0.8377203404774768,-0.7948811365843004,0.02549607626356503,-0.7479796403441085,0.8377203404774768,0.08974070013336832,0.08974070013336832
0.37083,-0.657467810452672,0.010718236791088843,-0.4254255147788095,0.6820140657406725,-0.657467810452672,0.010718236791088843,-0.4254255147788095,0.6820140657406725,0.25658855096186295,0.25658855096186295,-0.5606059618410678,0.021779224560404507,-0.5627137207506528,0.5482441182178153,-0.5606059618410678,0.021779224560404507,-0.5627137207506528,0.5482441182178153,-0.014469602532837578,-0.014469602532837578,-0.5987025571144312,0.03330402332249398,-0.5495618084607702,0.6226901623563782,-0.5987025571144312,0.03330402332249398,-0.5495618084607702,0.6226901623563782,0.07312835389560801,0.07312835389560801
0.37917,-0.5316253785959579,0.025497074252717907,-0.5473136508323946,0.47895532595063656,-0.5316253785959579,0.025497074252717907,-0.5473136508323946,0.47895532595063656,-0.06835832488175803,-0.06835832488175803,-0.6815936216365472,0.04839582495921931,-0.654071126087826,0.7036155521264474,-0.6815936216365472,0.04839582495921931,-0.654071126087826,0.7036155521264474,0.049544426038621414,0.049544426038621414,-0.6643544588520217,0.01186371932198322,-0.6698384237894974,0.6392810210759511,-0.6643544588520217,0.01186371932198322,-0.6698384237894974,0.6392810210759511,-0.030557402713546344,-0.030557402713546344
0.3875,-0.7072011450970821,0.013522827696507261,-0.7444333536966437,0.6140653500452486,-0.7072011450970821,0.013522827696507261,-0.7444333536966437,0.6140653500452486,-0.130368003651395,-0.130368003651395,-0.7602184353838778,0.02767888720609338,-0.749803983838508,0.7917218260133226,-0.7602184353838778,0.02767888720609338,-0.749803983838508,0.7917218260133226,0.041917842174814646,0.041917842174814646,-0.6935093213738891,0.009954185350338398,-0.6791128931638747,0.7071104839405793,-0.6935093213738891,0.009954185350338398,-0.6791128931638747,0.7071104839405793,0.027997590776704606,0.027997590776704606
0.39583,-0.6656329420856416,0.010940415720905865,-0.6424736931432479,0.696048541458656,-0.6656329420856416,0.010940415720905865,-0.6424736931432479,0.696048541458656,0.05357484831540815,0.05357484831540815,-0.7207023492934381,0.024821995389320412,-0.5890784009271497,0.7678634534500922,-0.7207023492934381,0.024821995389320412,-0.5890784009271497,0.7678634534500922,0.17878505252294252,0.17878505252294252,-0.600093079672877,0.012771385293030048,-0.5726848055732525,0.6246134284471969,-0.600093079672877,0.012771385293030048,-0.5726848055732525,0.6246134284471969,0.0519286228739444,0.0519286228739444
0.40417,-0.6182928594539148,0.009387631682837369,-0.6261896315803042,0.6073045878727227,-0.6182928594539148,0.009387631682837369,-0.6261896315803042,0.6073045878727227,-0.018885043707581484,-0.018885043707581484,-0.4956737434215129,0.04122020085831826,-0.45072760450683225,0.5058966760711129,-0.4956737434215129,0.04122020085831826,-0.45072760450683225,0.5058966760711129,0.055169071564280636,0.055169071564280636,-0.5314667209553825,0.01240313235471962,-0.5127181981018945,0.5436212041112798,-0.5314667209553825,0.01240313235471962,-0.5127181981018945,0.5436212041112798,0.030903006009385336,0.030903006009385336
0.4125,-0.7478160939556003,0.009588328220310461,-0.749942249368273,0.7468210068543449,-0.7478160939556003,0.009588328220310461,-0.749942249368273,0.7468210068543449,-0.003121242513928091,-0.003121242513928091,-0.7679438257155765,0.05431589850626419,-0.8724242426039747,0.6727652643198201,-0.7679438257155765,0.05431589850626419,-0.8724242426039747,0.6727652643198201,-0.19965897828415458,-0.19965897828415458,-0.6402990616166397,0.013711298554672865,-0.6752664967706836,0.6203503033717986,-0.6402990616166397,0.013711298554672865,-0.6752664967706836,0.6203503033717986,-0.05491619339888498,-0.05491619339888498
0.42083,-0.6988204427859229,0.013607203895482346,-0.7771652509977978,0.6388495985485928,-0.6988204427859229,0.013607203895482346,-0.7771652509977978,0.6388495985485928,-0.13831565244920496,-0.13831565244920496,-0.7463970456412207,0.043436109409365445,-0.835426412509421,0.6966297304754979,-0.7463970456412207,0.043436109409365445,-0.835426412509421,0.6966297304754979,-0.13879668203392304,-0.13879668203392304,-0.5770738033997609,0.017838749183400567,-0.5939811584388622,0.5706237557393272,-0.5770738033997609,0.017838749183400567,-0.5939811584388622,0.5706237557393272,-0.023357402699535013,-0.023357402699535013
0.42917,-0.7030129240631059,0.011534010734047475,-0.6742291813971172,0.7357496314235331,-0.7030129240631059,0.011534010734047475,-0.6742291813971172,0.7357496314235331,0.06152045002641593,0.06152045002641593,-0.9719588531494872,0.03787207567226809,-1.0232401220724734,0.8411073335766514,-0.9719588531494872,0.03787207567226809,-1.0232401220724734,0.8411073335766514,-0.18213278849582204,-0.18213278849582204,-0.5558558402074192,0.035572120866272164,-0.5987761994423525,0.4996257310193205,-0.5558558402074192,0.035572120866272164,-0.5987761994423525,0.4996257310193205,-0.09915046842303199,-0.09915046842303199
0.4375,-0.6472422922066896,0.011453495476087506,-0.7046818535949252,0.6084985317069566,-0.6472422922066896,0.011453495476087506,-0.7046818535949252,0.6084985317069566,-0.09618332188796863,-0.09618332188796863,-0.9432292248092583,0.01221648303325417,-0.9482800868111931,0.8954484058868227,-0.9432292248092583,0.01221648303325417,-0.9482800868111931,0.8954484058868227,-0.052831680924370406,-0.052831680924370406,-0.6098883622483166,0.017439826224068308,-0.6368584787730459,0.5104140483444095,-0.6098883622483166,0.017439826224068308,-0.6368584787730459,0.5104140483444095,-0.1264444304286364,-0.1264444304286364
0.44583,-0.8664848582681788,0.01568694427618824,-1.049588262196564,0.7743652235004916,-0.8664848582681788,0.01568694427618824,-1.049588262196564,0.7743652235004916,-0.27522303869607234,-0.27522303869607234,-1.0378039433538604,0.00926945038962275,-1.005131302865557,1.060219419385501,-1.0378039433538604,0.00926945038962275,-1.005131302865557,1.060219419385501,0.05508811651994394,0.05508811651994394,-0.760610699276629,0.014921753890136832,-0.7811153717961902,0.750250387045844,-0.760610699276629,0.014921753890136832,-0.7811153717961902,0.750250387045844,-0.03086498475034616,-0.03086498475034616
0.45417,-0.8283556795824736,0.01939867494212905,-0.549309772397313,0.9961660448197593,-0.8283556795824736,0.01939867494212905,-0.549309772397313,0.9961660448197593,0.4468562724224463,0.4468562724224463,-0.8861193417177535,0.01101513620859429,-0.796270920782085,0.9435369655022806,-0.8861193417177535,0.01101513620859429,-0.796270920782085,0.9435369655022806,0.14726604472019567,0.14726604472019567,-0.8687417299153487,0.016057282275668876,-0.9264795552275145,0.7417292687242972,-0.8687417299153487,0.016057282275668876,-0.9264795552275145,0.7417292687242972,-0.18475028650321723,-0.18475028650321723
0.4625,-0.713033174132705,0.026906629901883652,-0.710997837467827,0.7053210881469367,-0.713033174132705,0.026906629901883652,-0.710997837467827,0.7053210881469367,-0.00567674932089024,-0.00567674932089024,-0.9313874126057888,0.013933867359002558,-0.9533371829886916,0.9084016176221937,-0.9313874126057888,0.013933867359002558,-0.9533371829886916,0.9084016176221937,-0.0449355653664979,-0.0449355653664979,-0.9298109094478577,0.009721786713222288,-0.8761500137311427,1.0275871121945004,-0.9298109094478577,0.009721786713222288,-0.8761500137311427,1.0275871121945004,0.15143709846335773,0.15143709846335773
0.47083,-0.7210545879590123,0.032371992041495025,-0.7792763252029108,0.6416574430141723,-0.7210545879590123,0.032371992041495025,-0.7792763252029108,0.6416574430141723,-0.13761888218873852,-0.13761888218873852,-0.9426587396549536,0.014106026131377791,-1.048310013255683,0.8868043042316006,-0.9426587396549536,0.014106026131377791,-1.048310013255683,0.8868043042316006,-0.16150570902408246,-0.16150570902408246,-0.7834878231332816,0.010039507367613188,-0.8305042138107113,0.7644703464681144,-0.7834878231332816,0.010039507367613188,-0.8305042138107113,0.7644703464681144,-0.06603386734259686,-0.06603386734259686
0.47917,-0.7177398432688296,0.020842079032423095,-0.7231242815546789,0.7499202340177791,-0.7177398432688296,0.020842079032423095,-0.7231242815546789,0.7499202340177791,0.02679595246310018,0.02679595246310018,-0.9580655479921393,0.010505814140457289,-0.943503272268234,0.9966628045826104,-0.9580655479921393,0.010505814140457289,-0.943503272268234,0.9966628045826104,0.05315953231437631,0.05315953231437631,-0.7490128216382747,0.013428119878522726,-0.7532057835963623,0.7456684909961813,-0.7490128216382747,0.013428119878522726,-0.7532057835963623,0.7456684909961813,-0.007537292600180989,-0.007537292600180989
0.4875,-0.8761200556925497,0.013619129923171765,-0.9659992665334804,0.7614116884879527,-0.8761200556925497,0.013619129923171765,-0.9659992665334804,0.7614116884879527,-0.20458757804552774,-0.20458757804552774,-1.062823113558797,0.008668470706492563,-1.1415716558439364,1.0124260447625857,-1.062823113558797,0.008668470706492563,-1.1415716558439364,1.0124260447625857,-0.1291456110813507,-0.1291456110813507,-0.8450948309108753,0.012443116120100193,-0.8595359588297866,0.8061585022931979,-0.8450948309108753,0.012443116120100193,-0.8595359588297866,0.8061585022931979,-0.05337745653658876,-0.05337745653658876
0.49583,-0.8419005317575,0.017032290579339106,-0.657984269125164,0.8528944344041591,-0.8419005317575,0.017032290579339106,-0.657984269125164,0.8528944344041591,0.19491016527899518,0.19491016527899518,-0.8895165682029069,0.007758629089593674,-0.8178737988305963,1.0233114962590832,-0.8895165682029069,0.007758629089593674,-0.8178737988305963,1.0233114962590832,0.20543769742848694,0.20543769742848694,-0.6956125093222956,0.01244069165645089,-0.5460070531334543,0.7207578308990212,-0.6956125093222956,0.01244069165645089,-0.5460070531334543,0.7207578308990212,0.1747507777655669,0.1747507777655669
0.50417,0.8630143018083553,0.038970759277358644,0.9077528910419367,-0.7938560750460656,0.8630143018083553,0.038970759277358644,0.9077528910419367,-0.7938560750460656,0.11389681599587109,0.11389681599587109,0.5830343246620665,0.008792760393252618,0.5777111866682605,-0.5951710225620895,0.5830343246620665,0.008792760393252618,0.5777111866682605,-0.5951710225620895,-0.017459835893829045,-0.017459835893829045,0.7672081632680124,0.02007036694498808,0.7075140408249541,-0.8516586078305157,0.7672081632680124,0.02007036694498808,0.7075140408249541,-0.8516586078305157,-0.14414456700556166,-0.14414456700556166
0.5125,0.8712965332334622,0.0252619682958286,0.8045824495763061,-0.999444899046096,0.8712965332334622,0.0252619682958286,0.8045824495763061,-0.999444899046096,-0.19486244946978992,-0.19486244946978992,0.6808845692197006,0.013092211804974696,0.6421648133262261,-0.691896947924519,0.6808845692197006,0.013092211804974696,0.6421648133262261,-0.691896947924519,-0.04973213459829284,-0.04973213459829284,0.8092865767373584,0.021128389816969788,0.82233667399257,-0.8106407383229964,0.8092865767373584,0.021128389816969788,0.82233667399257,-0.8106407383229964,0.01169593566957361,0.01169593566957361
0.52083,0.7683121723210359,0.024034230981142397,0.743906041109139,-0.7861996972429577,0.7683121723210359,0.024034230981142397,0.743906041109139,-0.7861996972429577,-0.042293656133818636,-0.042293656133818636,0.3580658131070449,0.017785620715033718,0.23454505020428498,-0.5473532883313426,0.3580658131070449,0.017785620715033718,0.23454505020428498,-0.5473532883313426,-0.3128082381270576,-0.3128082381270576,0.7229676083979198,0.012681021898744475,0.729506409818008,-0.6842073583388157,0.7229676083979198,0.012681021898744475,0.729506409818008,-0.6842073583388157,0.04529905147919222,0.04529905147919222
0.52917,0.792763454644395,0.010545994415738976,0.7988267252676502,-0.7625140010314384,0.792763454644395,0.010545994415738976,0.7988267252676502,-0.7625140010314384,0.03631272423621179,0.03631272423621179,0.2656808427891982,0.01563255221585192,0.28729058306451144,-0.24461122762645074,0.2656808427891982,0.01563255221585192,0.28729058306451144,-0.24461122762645074,0.0426793554380607,0.0426793554380607,0.7421936812885956,0.01418215368298598,0.6934225829333522,-0.748478390765168,0.7421936812885956,0.01418215368298598,0.6934225829333522,-0.748478390765168,-0.05505580783181574,-0.05505580783181574
0.5375,0.9193673737960611,0.009329414897222015,1.0049020838614124,-0.8982234252749469,0.9193673737960611,0.009329414897222015,1.0049020838614124,-0.8982234252749469,0.10667865858646552,0.10667865858646552,0.43202877640197535,0.02172340132424989,0.4913206574756367,-0.42504324843763136,0.43202877640197535,0.02172340132424989,0.4913206574756367,-0.42504324843763136,0.06627740903800533,0.06627740903800533,0.6624711528503665,0.031422053175497504,0.6817631724100873,-0.6453657852662955,0.6624711528503665,0.031422053175497504,0.6817631724100873,-0.6453657852662955,0.036397387143791815,0.036397387143791815
0.54583,0.9041483763457568,0.01706847685192449,0.8482597608418133,-0.9460838374600355,0.9041483763457568,0.01706847685192449,0.8482597608418133,-0.9460838374600355,-0.09782407661822223,-0.09782407661822223,0.524232895928998,0.012780491319609419,0.5281333229199889,-0.4748071628721392,0.524232895928998,0.012780491319609419,0.5281333229199889,-0.4748071628721392,0.053326160047849736,0.053326160047849736,0.5766967294027676,0.01760239827953466,0.5831265534829112,-0.5316328734357318,0.5766967294027676,0.01760239827953466,0.5831265534829112,-0.5316328734357318,0.05149368004717936,0.05149368004717936
0.55417,0.8233583660005219,0.010590580128337482,0.813644637291308,-0.8798652584746869,0.8233583660005219,0.010590580128337482,0.813644637291308,-0.8798652584746869,-0.0662206211833789,-0.0662206211833789,0.5283423805635014,0.010806249999584034,0.5107827833863914,-0.533113811600903,0.5283423805635014,0.010806249999584034,0.5107827833863914,-0.533113811600903,-0.022331028214511606,-0.022331028214511606,0.5303892608080661,0.021526462289169206,0.3903628223575648,-0.5629861036560966,0.5303892608080661,0.021526462289169206,0.3903628223575648,-0.5629861036560966,-0.17262328129853177,-0.17262328129853177
0.5625,0.6970359683105916,0.012959208900367935,0.7170147358132385,-0.7006265986564275,0.6970359683105916,0.012959208900367935,0.7170147358132385,-0.7006265986564275,0.016388137156810978,0.016388137156810978,0.37062281408124326,0.015494579256832355,0.3319984651232632,-0.38403451528876303,0.37062281408124326,0.015494579256832355,0.3319984651232632,-0.38403451528876303,-0.052036050165499836,-0.052036050165499836,0.2261323789130792,0.022381295016337368,0.22336032222653568,-0.2101035134982477,0.2261323789130792,0.022381295016337368,0.22336032222653568,-0.2101035134982477,0.013256808728287967,0.013256808728287967
0.57083,0.7342871963702585,0.030967498306303277,0.8462096327542287,-0.6954257652457493,0.7342871963702585,0.030967498306303277,0.8462096327542287,-0.6954257652457493,0.15078386750847939,0.15078386750847939,0.442707531658552,0.013292914685285841,0.45758488490455357,-0.41655894424685475,0.442707531658552,0.013292914685285841,0.45758488490455357,-0.41655894424685475,0.04102594065769882,0.04102594065769882,0.3045447177998375,0.011645105980153751,0.3097764076047034,-0.2894258119233315,0.3045447177998375,0.011645105980153751,0.3097764076047034,-0.2894258119233315,0.020350595681371875,0.020350595681371875
0.57917,0.6413907035791613,0.02067723272802798,0.6070607271173797,-0.9551232830062115,0.6413907035791613,0.02067723272802798,0.6070607271173797,-0.9551232830062115,-0.34806255588883184,-0.34806255588883184,0.312395099994881,0.011065366551699358,0.20040380672961883,-0.5033521053660308,0.312395099994881,0.011065366551699358,0.20040380672961883,-0.5033521053660308,-0.302948298636412,-0.302948298636412,0.3014099367614228,0.012577190333646284,0.30029933134555814,-0.30390778573011606,0.3014099367614228,0.012577190333646284,0.30029933134555814,-0.30390778573011606,-0.0036084543845579242,-0.0036084543845579242
0.5875,0.7569550673138924,0.011313827751378285,0.8026804992384032,-0.6780807665884191,0.7569550673138924,0.011313827751378285,0.8026804992384032,-0.6780807665884191,0.12459973264998414,0.12459973264998414,0.3164030424805521,0.014227201306853695,0.41899314352658074,-0.31434623444532844,0.3164030424805521,0.014227201306853695,0.41899314352658074,-0.31434623444532844,0.10464690908125229,0.10464690908125229,0.3334846874957254,0.030326927996605597,0.5289384405187832,-0.2815344332081998,0.3334846874957254,0.030326927996605597,0.5289384405187832,-0.2815344332081998,0.24740400731058343,0.24740400731058343
0.59583,0.620189827477231,0.014559776584613443,0.6011026964930942,-0.6173878515743432,0.620189827477231,0.014559776584613443,0.6011026964930942,-0.6173878515743432,-0.016285155081248948,-0.016285155081248948,0.23389095522665812,0.020109124272889644,0.24900626860792593,0.03172543635540364,0.23389095522665812,0.020109124272889644,0.24900626860792593,0.03172543635540364,0.28073170496332955,0.28073170496332955,0.4057146527699443,0.020350263137186023,0.41414829581380636,-0.3362170582952924,0.4057146527699443,0.020350263137186023,0.41414829581380636,-0.3362170582952924,0.07793123751851394,0.07793123751851394
0.60417,0.6434503458964927,0.0116141809190205,0.6485028771698256,-0.6175831503129399,0.6434503458964927,0.0116141809190205,0.6485028771698256,-0.6175831503129399,0.03091972685688571,0.03091972685688571,0.23333756792017424,0.02144305215478409,0.03256655933383156,-0.2562616418103609,0.23333756792017424,0.02144305215478409,0.03256655933383156,-0.2562616418103609,-0.2236950824765293,-0.2236950824765293,0.4389988165477734,0.012887758064705289,0.414774165182322,-0.47104815415795304,0.4389988165477734,0.012887758064705289,0.414774165182322,-0.47104815415795304,-0.05627398897563102,-0.05627398897563102
0.6125,0.7001313846958894,0.010333876214643793,0.7294495448897078,-0.6840208030202765,0.7001313846958894,0.010333876214643793,0.7294495448897078,-0.6840208030202765,0.045428741869431355,0.045428741869431355,0.2269182661613638,0.01246285554306982,0.22703947920851061,-0.2066572097903601,0.2269182661613638,0.01246285554306982,0.22703947920851061,-0.2066572097903601,0.020382269418150523,0.020382269418150523,0.4525165763778295,0.012040213494237494,0.4429014407344326,-0.4649735901982486,0.4525165763778295,0.012040213494237494,0.4429014407344326,-0.4649735901982486,-0.02207214946381597,-0.02207214946381597
0.62083,0.6550331343759256,0.014483946010693811,0.8194480486027214,-0.6223848078359455,0.6550331343759256,0.014483946010693811,0.8194480486027214,-0.6223848078359455,0.19706324076677584,0.19706324076677584,0.11700824070211001,0.010540655891965045,0.04095750905567964,-0.1623574924679047,0.11700824070211001,0.010540655891965045,0.04095750905567964,-0.1623574924679047,-0.12139998341222508,-0.12139998341222508,0.4169621015970529,0.015059093230054131,0.42448434417594566,-0.41609635670007866,0.4169621015970529,0.015059093230054131,0.42448434417594566,-0.41609635670007866,0.008387987475866998,0.008387987475866998
0.62917,0.77677164412305,0.014812425814621624,0.7866185389960576,-0.7387597997989519,0.77677164412305,0.014812425814621624,0.7866185389960576,-0.7387597997989519,0.047858739197105704,0.047858739197105704,0.03439255297514311,0.016811959125710253,0.043011113511143,-0.033191708698041326,0.03439255297514311,0.016811959125710253,0.043011113511143,-0.033191708698041326,0.009819404813101673,0.009819404813101673,0.47878200618501643,0.03141511684067897,0.4849088169061586,-0.45116389884744496,0.47878200618501643,0.03141511684067897,0.4849088169061586,-0.45116389884744496,0.03374491805871366,0.03374491805871366
0.6375,0.8501974494134603,0.010085834500561027,0.8596280149613229,-0.8246556320578404,0.8501974494134603,0.010085834500561027,0.8596280149613229,-0.8246556320578404,0.03497238290348248,0.03497238290348248,0.566087731620753,0.020117311224236552,0.6321633404060949,-0.14637337352709984,0.566087731620753,0.020117311224236552,0.6321633404060949,-0.14637337352709984,0.48578996687899506,0.48578996687899506,0.4519387620294759,0.018707504478651247,0.43115423028695515,-0.4771881090357414,0.4519387620294759,0.018707504478651247,0.43115423028695515,-0.4771881090357414,-0.04603387874878623,-0.04603387874878623
0.64583,0.6694453341948262,0.008417254342108686,0.7042781636756134,-0.6387798234685632,0.6694453341948262,0.008417254342108686,0.7042781636756134,-0.6387798234685632,0.06549834020705014,0.06549834020705014,0.3733341750072144,0.012685712131259592,0.3255720811375899,-0.4678017276740028,0.3733341750072144,0.012685712131259592,0.3255720811375899,-0.4678017276740028,-0.1422296465364129,-0.1422296465364129,0.17054250143219551,0.022876863267825,-0.015736372039180293,-0.2011258950928226,0.17054250143219551,0.022876863267825,-0.015736372039180293,-0.2011258950928226,-0.2168622671320029,-0.2168622671320029
0.65417,0.7942991216943802,0.012592301196341728,0.9074442704598242,-0.771090857645249,0.7942991216943802,0.012592301196341728,0.9074442704598242,-0.771090857645249,0.13635341281457525,0.13635341281457525,0.4084444021368582,0.0118555959190466,0.45999870804312865,-0.35877135131349286,0.4084444021368582,0.0118555959190466,0.45999870804312865,-0.35877135131349286,0.10122735672963579,0.10122735672963579,0.16819008112332592,0.01886251314741113,0.18146550741841233,-0.07787759244882698,0.16819008112332592,0.01886251314741113,0.18146550741841233,-0.07787759244882698,0.10358791496958535,0.10358791496958535
0.6625,0.8276679308380485,0.019503856083576777,0.7268974759075956,-0.9142405627280272,0.8276679308380485,0.019503856083576777,0.7268974759075956,-0.9142405627280272,-0.18734308682043166,-0.18734308682043166,0.42819749172176164,0.016003946182454133,0.1638965096193989,-0.508645776327174,0.42819749172176164,0.016003946182454133,0.1638965096193989,-0.508645776327174,-0.3447492667077751,-0.3447492667077751,0.1135870209606456,0.02085786692212758,-0.09082345502154497,-0.2277084708217569,0.1135870209606456,0.02085786692212758,-0.09082345502154497,-0.2277084708217569,-0.31853192584330187,-0.31853192584330187
0.67083,0.5925420770323385,0.02373986910146327,0.5548746910361799,-0.6276990473358561,0.5925420770323385,0.02373986910146327,0.5548746910361799,-0.6276990473358561,-0.07282435629967621,-0.07282435629967621,0.004491706613674415,0.0264760630412766,-0.09127297700900652,-0.07523674965180885,0.004491706613674415,0.0264760630412766,-0.09127297700900652,-0.07523674965180885,-0.16650972666081537,-0.16650972666081537,-0.2488641605866154,0.023357330501725216,-0.21244199115283238,0.30165158659725433,-0.2488641605866154,0.023357330501725216,-0.21244199115283238,0.30165158659725433,0.08920959544442195,0.08920959544442195
0.67917,0.5355350134559127,0.019524430840120222,0.5197153271764823,-0.5653512884418943,0.5355350134559127,0.019524430840120222,0.5197153271764823,-0.5653512884418943,-0.04563596126541203,-0.04563596126541203,-0.11345421807406454,0.010614858384828039,-0.11346479400175873,0.11290745859760912,-0.11345421807406454,0.010614858384828039,-0.11346479400175873,0.11290745859760912,-0.0005573354041496087,-0.0005573354041496087,-0.31643371073360976,0.013168568413711742,-0.3292280001303306,0.2643948682050351,-0.31643371073360976,0.013168568413711742,-0.3292280001303306,0.2643948682050351,-0.0648331319252955,-0.0648331319252955
0.6875,0.2878206449152868,0.020461778448130172,0.23160783724939976,-0.33548853032007464,0.2878206449152868,0.020461778448130172,0.23160783724939976,-0.33548853032007464,-0.10388069307067488,-0.10388069307067488,-0.3621760024382116,0.010180498276395108,-0.42267102325013745,0.3385619909346239,-0.3621760024382116,0.010180498276395108,-0.42267102325013745,0.3385619909346239,-0.08410903231551353,-0.08410903231551353,-0.580578727320546,0.0148778967426363,-0.4599155128502041,0.5868969557714824,-0.580578727320546,0.0148778967426363,-0.4599155128502041,0.5868969557714824,0.12698144292127828,0.12698144292127828
0.69583,0.49171822163411055,0.012344940382278343,0.5168975122893336,-0.3970342685184405,0.49171822163411055,0.012344940382278343,0.5168975122893336,-0.3970342685184405,0.11986324377089308,0.11986324377089308,-0.23336857843983974,0.009169407737980547,-0.22498386336348106,0.2681156440819842,-0.23336857843983974,0.009169407737980547,-0.22498386336348106,0.2681156440819842,0.04313178071850313,0.04313178071850313,-0.2439290410617879,0.014609931787842286,-0.23941140126437957,0.31223702490106553,-0.2439290410617879,0.014609931787842286,-0.23941140126437957,0.31223702490106553,0.07282562363668596,0.07282562363668596
0.70417,0.41605139876286945,0.012895126111536027,0.2943453547467884,-0.48771657984341393,0.41605139876286945,0.012895126111536027,0.2943453547467884,-0.48771657984341393,-0.19337122509662552,-0.19337122509662552,-0.2512555396071351,0.011251656976263638,-0.3726635926696434,0.23559317228312138,-0.2512555396071351,0.011251656976263638,-0.3726635926696434,0.23559317228312138,-0.137070420386522,-0.137070420386522,-0.3133172376051297,0.012020042619844476,-0.3136957535102684,0.3207189675874818,-0.3133172376051297,0.012020042619844476,-0.3136957535102684,0.3207189675874818,0.007023214077213402,0.007023214077213402
0.7125,0.34779665105320834,0.010111166497473805,0.3637097711984271,-0.2906300327934652,0.34779665105320834,0.010111166497473805,0.3637097711984271,-0.2906300327934652,0.0730797384049619,0.0730797384049619,-0.2931813042630803,0.02755186074833898,-0.30235160478173234,0.2803337783911225,-0.2931813042630803,0.02755186074833898,-0.30235160478173234,0.2803337783911225,-0.02201782639060984,-0.02201782639060984,-0.3761822613144415,0.008261904213414554,-0.3959519754250347,0.29928966073614927,-0.3761822613144415,0.008261904213414554,-0.3959519754250347,0.29928966073614927,-0.09666231468888542,-0.09666231468888542
0.72083,0.2606447661916157,0.00892839197879045,0.2610443790790754,-0.2670439586323229,0.2606447661916157,0.00892839197879045,0.2610443790790754,-0.2670439586323229,-0.0059995795532474805,-0.0059995795532474805,-0.5355221289469846,0.017699332714517197,-0.5571566838390314,0.49167350745844035,-0.5355221289469846,0.017699332714517197,-0.5571566838390314,0.49167350745844035,-0.06548317638059103,-0.06548317638059103,-0.5355349635837332,0.008592723519186317,-0.4596170806624837,0.5376253158702811,-0.5355349635837332,0.008592723519186317,-0.4596170806624837,0.5376253158702811,0.07800823520779737,0.07800823520779737
0.72917,0.15413339477781662,0.013122036004813256,0.11739963925673076,-0.16424397160969578,0.15413339477781662,0.013122036004813256,0.11739963925673076,-0.16424397160969578,-0.04684433235296502,-0.04684433235296502,-0.6458641453420292,0.01178218508266458,-0.6086922456133879,0.6971283886482761,-0.6458641453420292,0.01178218508266458,-0.6086922456133879,0.6971283886482761,0.08843614303488823,0.08843614303488823,-0.6743541330101056,0.028578819105398806,-0.68192509552763,0.615260994588358,-0.6743541330101056,0.028578819105398806,-0.68192509552763,0.615260994588358,-0.066664100939272,-0.066664100939272
0.7375,0.20155873634290422,0.014217806774888124,0.180196705584004,-0.2596776873354169,0.20155873634290422,0.014217806774888124,0.180196705584004,-0.2596776873354169,-0.07948098175141291,-0.07948098175141291,-0.4719509974526451,0.01046855902070054,-0.45565859374793577,0.48989957070741086,-0.4719509974526451,0.01046855902070054,-0.45565859374793577,0.48989957070741086,0.03424097695947509,0.03424097695947509,-0.5830559937321702,0.018391898655915867,-0.585977551452712,0.5755828504036381,-0.5830559937321702,0.018391898655915867,-0.585977551452712,0.5755828504036381,-0.010394701049073918,-0.010394701049073918
0.74583,0.01570851052298805,0.013029789395910664,-0.030018065494037165,-0.05910277550519861,0.01570851052298805,0.013029789395910664,-0.030018065494037165,-0.05910277550519861,-0.08912084099923577,-0.08912084099923577,-0.6520036355118568,0.016673465848368426,-0.5550301930365807,0.6495933020075867,-0.6520036355118568,0.016673465848368426,-0.5550301930365807,0.6495933020075867,0.09456310897100595,0.09456310897100595,-0.8195432172549466,0.02064545685246113,-0.9246938947282386,0.7654884646272289,-0.8195432172549466,0.02064545685246113,-0.9246938947282386,0.7654884646272289,-0.15920543010100974,-0.15920543010100974
0.75417,-0.08462295791015637,0.013773696176438316,-0.08736601287695973,0.08282099822207442,-0.08462295791015637,0.013773696176438316,-0.08736601287695973,0.08282099822207442,-0.004545014654885313,-0.004545014654885313,-0.4200170505625639,0.014811429375453686,-0.41477391601702784,1.0189645081498315,-0.4200170505625639,0.014811429375453686,-0.41477391601702784,1.0189645081498315,0.6041905921328037,0.6041905921328037,-0.9636418875114898,0.02788132570879209,-0.746685915580168,1.0069903290866693,-0.9636418875114898,0.02788132570879209,-0.746685915580168,1.0069903290866693,0.26030441350650135,0.26030441350650135
0.7625,-0.23225399621234039,0.018454836786381934,-0.10772237868584643,0.24809050940371902,-0.23225399621234039,0.018454836786381934,-0.10772237868584643,0.24809050940371902,0.14036813071787257,0.14036813071787257,-0.592364189306845,0.01712085345828117,-0.662802719965869,0.5778508415934597,-0.592364189306845,0.01712085345828117,-0.662802719965869,0.5778508415934597,-0.08495187837240936,-0.08495187837240936,-0.6470346058866854,0.016793329175429136,-0.6402027952971725,0.8203074316402025,-0.6470346058866854,0.016793329175429136,-0.6402027952971725,0.8203074316402025,0.18010463634302998,0.18010463634302998
0.77083,-0.07280471537762663,0.023783926040156837,-0.06403946969758431,0.14636933084986187,-0.07280471537762663,0.023783926040156837,-0.06403946969758431,0.14636933084986187,0.08232986115227756,0.08232986115227756,-0.49353692911024816,0.03582393007280949,-0.3865668824353201,0.5503807167468755,-0.49353692911024816,0.03582393007280949,-0.3865668824353201,0.5503807167468755,0.16381383431155538,0.16381383431155538,-0.5596216314945043,0.009981475589242533,-0.5865392116570677,0.49843874344072464,-0.5596216314945043,0.009981475589242533,-0.5865392116570677,0.49843874344072464,-0.08810046821634304,-0.08810046821634304
0.77917,-0.21907380882297808,0.01591447716076607,-0.22328753538475968,0.19652257060170347,-0.21907380882297808,0.01591447716076607,-0.22328753538475968,0.19652257060170347,-0.026764964783056205,-0.026764964783056205,-0.5337227517479988,0.05474058472030771,-0.42382134086914164,0.5872654834606417,-0.5337227517479988,0.05474058472030771,-0.42382134086914164,0.5872654834606417,0.16344414259150003,0.16344414259150003,-0.7095176169029205,0.010830343006528152,-0.6751164051072279,0.7181566137602845,-0.7095176169029205,0.010830343006528152,-0.6751164051072279,0.7181566137602845,0.04304020865305658,0.04304020865305658
0.7875,-0.3845334238115701,0.01981457849886443,-0.42516255341290987,0.36949691977215443,-0.3845334238115701,0.01981457849886443,-0.42516255341290987,0.36949691977215443,-0.05566563364075544,-0.05566563364075544,-1.1068527567249704,0.013696931037560115,-1.1320917310435865,0.5314846042154495,-1.1068527567249704,0.013696931037560115,-1.1320917310435865,0.5314846042154495,-0.600607126828137,-0.600607126828137,-0.9523755328123036,0.028070298456682862,-1.3440641539559022,0.8494103259836226,-0.9523755328123036,0.028070298456682862,-1.3440641539559022,0.8494103259836226,-0.4946538279722795,-0.4946538279722795
0.79583,-0.4730217046295775,0.02356742315844149,-0.5038207001591686,0.447982913358133,-0.4730217046295775,0.02356742315844149,-0.5038207001591686,0.447982913358133,-0.05583778680103557,-0.05583778680103557,-1.097104246124732,0.010297012691526677,-1.0474672141168102,1.1165006179697512,-1.097104246124732,0.010297012691526677,-1.0474672141168102,1.1165006179697512,0.06903340385294099,0.06903340385294099,-1.176574251932477,0.022017095022926713,-1.140043345783595,1.364946488413735,-1.176574251932477,0.022017095022926713,-1.140043345783595,1.364946488413735,0.22490314263014,0.22490314263014
0.80417,-0.4688230794928699,0.01263069117393498,-0.43819097551837827,0.598736360394364,-0.4688230794928699,0.01263069117393498,-0.43819097551837827,0.598736360394364,0.16054538487598569,0.16054538487598569,-1.0879974345694525,0.016510156524000914,-1.006513877067785,1.1019285381958361,-1.0879974345694525,0.016510156524000914,-1.006513877067785,1.1019285381958361,0.09541466112805108,0.09541466112805108,-1.1569293257370883,0.022934049184826756,-1.158433714793909,1.1547173612516233,-1.1569293257370883,0.022934049184826756,-1.158433714793909,1.1547173612516233,-0.003716353542285722,-0.003716353542285722
0.8125,-0.3037805577050997,0.013223958812376476,-0.34954108550664725,0.29356310711845557,-0.3037805577050997,0.013223958812376476,-0.34954108550664725,0.29356310711845557,-0.055977978388191685,-0.055977978388191685,-0.9336485107837021,0.020612531443798883,-0.9421039980846456,0.9142808285873081,-0.9336485107837021,0.020612531443798883,-0.9421039980846456,0.9142808285873081,-0.02782316949733754,-0.02782316949733754,-0.9223632952195524,0.023505195637380783,-0.8499278188804682,1.070471136486999,-0.9223632952195524,0.023505195637380783,-0.8499278188804682,1.070471136486999,0.2205433176065308,0.2205433176065308
0.82083,-0.7213097348454512,0.014744503774943156,-0.7341755694210154,0.6746661225603653,-0.7213097348454512,0.014744503774943156,-0.7341755694210154,0.6746661225603653,-0.05950944686065007,-0.05950944686065007,-1.138063402838249,0.016389002083841933,-1.0911708776680733,1.1916015851882507,-1.138063402838249,0.016389002083841933,-1.0911708776680733,1.1916015851882507,0.10043070752017735,0.10043070752017735,-1.136452308600606,0.01899219900703244,-1.1747483728125678,1.0641226745456003,-1.136452308600606,0.01899219900703244,-1.1747483728125678,1.0641226745456003,-0.11062569826696755,-0.11062569826696755
0.82917,-0.7734444479511264,0.015873625072810774,-0.5656872053021647,0.8071015475050903,-0.7734444479511264,0.015873625072810774,-0.5656872053021647,0.8071015475050903,0.24141434220292568,0.24141434220292568,-1.3376346765211575,0.013975648605549637,-1.4170964209638286,1.1863611762623865,-1.3376346765211575,0.013975648605549637,-1.4170964209638286,1.1863611762623865,-0.23073524470144213,-0.23073524470144213,-1.3233825657098477,0.02713196312545689,-1.7611876397744337,1.2096426262023217,-1.3233825657098477,0.02713196312545689,-1.7611876397744337,1.2096426262023217,-0.551545013572112,-0.551545013572112
0.8375,-0.7742806271953956,0.020954716296063727,-0.7787696505801033,0.7363604603282944,-0.7742806271953956,0.020954716296063727,-0.7787696505801033,0.7363604603282944,-0.04240919025180889,-0.04240919025180889,-1.5846483735174925,0.015006827441463982,-1.595430968746142,1.5729537717552888,-1.5846483735174925,0.015006827441463982,-1.595430968746142,1.5729537717552888,-0.022477196990853265,-0.022477196990853265,-2.03678342544721,0.023824174257033842,-2.0408493245916004,2.0185717135415917,-2.03678342544721,0.023824174257033842,-2.0408493245916004,2.0185717135415917,-0.022277611050008694,-0.022277611050008694
0.84583,-0.7382890570572911,0.018018056343963994,-0.7594595576395268,0.7352567452457148,-0.7382890570572911,0.018018056343963994,-0.7594595576395268,0.7352567452457148,-0.024202812393811945,-0.024202812393811945,-1.528807582839091,0.012757421841700506,-1.5093954311525497,1.562434350055217,-1.528807582839091,0.012757421841700506,-1.5093954311525497,1.562434350055217,0.05303891890266721,0.05303891890266721,-2.0226511473356124,0.022190732252717095,-1.734750276356007,2.0370018898599107,-2.0226511473356124,0.022190732252717095,-1.734750276356007,2.0370018898599107,0.3022516135039037,0.3022516135039037
0.85417,-0.6921055410854039,0.01954571119929096,-0.6883284471786545,0.7222250417626086,-0.6921055410854039,0.01954571119929096,-0.6883284471786545,0.7222250417626086,0.03389659458395411,0.03389659458395411,-1.5020346993602358,0.013008349315749967,-1.556305371002703,1.47052570207049,-1.5020346993602358,0.013008349315749967,-1.556305371002703,1.47052570207049,-0.085779668932213,-0.085779668932213,-1.9002799382630222,0.03835868859491662,-1.9241404947547165,1.8151476586508495,-1.9002799382630222,0.03835868859491662,-1.9241404947547165,1.8151476586508495,-0.10899283610386701,-0.10899283610386701
0.8625,-0.93810644967953,0.019461785243777736,-0.9893220846266042,0.897898232472519,-0.93810644967953,0.019461785243777736,-0.9893220846266042,0.897898232472519,-0.09142385215408522,-0.09142385215408522,-1.7874344780645322,0.011381547755246812,-1.7819636629060533,1.8046209952795884,-1.7874344780645322,0.011381547755246812,-1.7819636629060533,1.8046209952795884,0.022657332373535066,0.022657332373535066,-2.248379226327998,0.03197246240236112,-2.3167020476404763,2.1668813203046535,-2.248379226327998,0.03197246240236112,-2.3167020476404763,2.1668813203046535,-0.14982072733582275,-0.14982072733582275
0.87083,-1.054519874360084,0.019890241623002996,-1.1060479315266107,0.9982112503085109,-1.054519874360084,0.019890241623002996,-1.1060479315266107,0.9982112503085109,-0.10783668121809986,-0.10783668121809986,-1.7723048710338114,0.014352178492269609,-1.6333471361881262,1.7834383606314834,-1.7723048710338114,0.014352178492269609,-1.6333471361881262,1.7834383606314834,0.1500912244433572,0.1500912244433572,-2.2674555523756266,0.017135979188960357,-2.261421565159537,2.2818052725084352,-2.2674555523756266,0.017135979188960357,-2.261421565159537,2.2818052725084352,0.020383707348898383,0.020383707348898383
0.87917,-1.2369901882857346,0.017952903952007136,-1.2945849426778349,1.1751670703979753,-1.2369901882857346,0.017952903952007136,-1.2945849426778349,1.1751670703979753,-0.11941787227985956,-0.11941787227985956,-1.5700946218374692,0.029383256410121975,-1.4616535741099232,1.6832194589458047,-1.5700946218374692,0.029383256410121975,-1.4616535741099232,1.6832194589458047,0.22156588483588147,0.22156588483588147,-2.3515230735527903,0.017347767370735578,-2.4002816148298587,2.3298863771966563,-2.3515230735527903,0.017347767370735578,-2.4002816148298587,2.3298863771966563,-0.07039523763320243,-0.07039523763320243
0.8875,-1.355606996805784,0.02290508628169404,-1.2220820201849254,1.3678417904199291,-1.355606996805784,0.02290508628169404,-1.2220820201849254,1.3678417904199291,0.14575977023500375,0.14575977023500375,-1.7353802219058634,0.0701777727052255,-1.9592001233603096,1.631472633314929,-1.7353802219058634,0.0701777727052255,-1.9592001233603096,1.631472633314929,-0.3277274900453806,-0.3277274900453806,-2.4746340030614205,0.023488588286001266,-2.388446589927036,2.517221758394983,-2.4746340030614205,0.023488588286001266,-2.388446589927036,2.517221758394983,0.1287751684679468,0.1287751684679468
0.89583,-1.4632558527725528,0.042089372177878774,-1.538970208752849,1.1989505260810276,-1.4632558527725528,0.042089372177878774,-1.538970208752849,1.1989505260810276,-0.34001968267182137,-0.34001968267182137,-1.9483194913071196,0.02114544714022078,-1.9495718048080746,1.9170377756343717,-1.9483194913071196,0.02114544714022078,-1.9495718048080746,1.9170377756343717,-0.03253402917370285,-0.03253402917370285,-2.5108146714105963,0.033010735810247334,-2.639207402695681,2.431943744576321,-2.5108146714105963,0.033010735810247334,-2.639207402695681,2.431943744576321,-0.2072636581193601,-0.2072636581193601
0.90417,-1.5071145499518628,0.026082792402172778,-1.465873744427042,1.5721040779269861,-1.5071145499518628,0.026082792402172778,-1.465873744427042,1.5721040779269861,0.10623033349994415,0.10623033349994415,-2.009381137342689,0.02319256134030158,-2.3004595392232847,1.970538869421859,-2.009381137342689,0.02319256134030158,-2.3004595392232847,1.970538869421859,-0.32992066980142565,-0.32992066980142565,-2.678842461122674,0.020770768096591223,-2.6856398423693815,2.6914646282314236,-2.678842461122674,0.020770768096591223,-2.6856398423693815,2.6914646282314236,0.005824785862042159,0.005824785862042159
0.9125,-1.6228485981042273,0.02276602936718389,-1.592562551624468,1.6438807519771017,-1.6228485981042273,0.02276602936718389,-1.592562551624468,1.6438807519771017,0.05131820035263379,0.05131820035263379,-2.3469991706265407,0.01698093697183914,-2.3332429276311712,2.531163318044802,-2.3469991706265407,0.01698093697183914,-2.3332429276311712,2.531163318044802,0.19792039041363063,0.19792039041363063,-2.82074011697652,0.018220930544208397,-2.6306524416633335,2.8627757030643135,-2.82074011697652,0.018220930544208397,-2.6306524416633335,2.8627757030643135,0.23212326140098005,0.23212326140098005
0.92083,-1.5492771675064978,0.019726986430980458,-1.5404386600815942,1.5616145801638952,-1.5492771675064978,0.019726986430980458,-1.5404386600815942,1.5616145801638952,0.02117592008230096,0.02117592008230096,-2.394431114584313,0.021090943083187444,-2.518160234711321,2.351698153756439,-2.394431114584313,0.021090943083187444,-2.518160234711321,2.351698153756439,-0.16646208095488202,-0.16646208095488202,-2.59584784212577,0.02645494849568479,-2.6287189637002655,2.478887135519487,-2.59584784212577,0.02645494849568479,-2.6287189637002655,2.478887135519487,-0.14983182818077845,-0.14983182818077845
0.92917,-1.6047125168301453,0.023088429331991407,-1.6446184536718047,1.5594691701261671,-1.6047125168301453,0.023088429331991407,-1.6446184536718047,1.5594691701261671,-0.08514928354563756,-0.08514928354563756,-2.536577305013562,0.018008192172248038,-2.5393057983475265,2.5403918457201553,-2.536577305013562,0.018008192172248038,-2.5393057983475265,2.5403918457201553,0.001086047372628851,0.001086047372628851,-2.693298996060875,0.03439535564849117,-2.56709671179233,2.721009289305526,-2.693298996060875,0.03439535564849117,-2.56709671179233,2.721009289305526,0.15391257751319642,0.15391257751319642
0.9375,-1.6180882602242017,0.029496100077960625,-1.5976534764422197,1.619922166081568,-1.6180882602242017,0.029496100077960625,-1.5976534764422197,1.619922166081568,0.02226868963934825,0.02226868963934825,-2.539075478694131,0.017902946410433367,-2.4250122685506943,2.561737062189348,-2.539075478694131,0.017902946410433367,-2.4250122685506943,2.561737062189348,0.13672479363865353,0.13672479363865353,-2.672491455265509,0.03653345076394582,-2.7115396795513513,2.5299307798367283,-2.672491455265509,0.03653345076394582,-2.7115396795513513,2.5299307798367283,-0.18160889971462302,-0.18160889971462302
0.94583,-1.8460339399300343,0.02237978005158274,-1.838981616093774,1.8455791158465993,-1.8460339399300343,0.02237978005158274,-1.838981616093774,1.8455791158465993,0.006597499752825309,0.006597499752825309,-2.5839220163871053,0.02602583404292062,-2.5556072900309705,2.6197413397640315,-2.5839220163871053,0.02602583404292062,-2.5556072900309705,2.6197413397640315,0.06413404973306092,0.06413404973306092,-2.801662389629824,0.03907108485742004,-2.710656517955501,2.835538227824591,-2.801662389629824,0.03907108485742004,-2.710656517955501,2.835538227824591,0.12488170986908997,0.12488170986908997
0.95417,-1.9702326778421415,0.018133220634935533,-2.0162283926098685,1.8742762007292388,-1.9702326778421415,0.018133220634935533,-2.0162283926098685,1.8742762007292388,-0.14195219188062969,-0.14195219188062969,-2.7619657845318484,0.034121015523415316,-3.001015115366749,2.6344455840162664,-2.7619657845318484,0.034121015523415316,-3.001015115366749,2.6344455840162664,-0.3665695313504824,-0.3665695313504824,-2.9696102607351467,0.05090590293977184,-3.1149138437978223,2.737917630949079,-2.9696102607351467,0.05090590293977184,-3.1149138437978223,2.737917630949079,-0.3769962128487432,-0.3769962128487432
0.9625,-2.1382154701199694,0.014246342152027424,-2.093625192256676,2.200739308345595,-2.1382154701199694,0.014246342152027424,-2.093625192256676,2.200739308345595,0.10711411608891863,0.10711411608891863,-3.2615266713771613,0.07471103958594567,-3.264101370967043,3.180186146767608,-3.2615266713771613,0.07471103958594567,-3.264101370967043,3.180186146767608,-0.0839152241994352,-0.0839152241994352,-3.2951999454831724,0.020815589760491037,-3.28764356536414,3.43867518217189,-3.2951999454831724,0.020815589760491037,-3.28764356536414,3.43867518217189,0.1510316168077499,0.1510316168077499
0.97083,-2.121516809836328,0.014168524271536115,-2.1400591022066524,2.104657169780294,-2.121516809836328,0.014168524271536115,-2.1400591022066524,2.104657169780294,-0.035401932426358584,-0.035401932426358584,-3.509350938895178,0.048460081571837184,-3.543819746861424,3.52420230548901,-3.509350938895178,0.048460081571837184,-3.543819746861424,3.52420230548901,-0.019617441372413946,-0.019617441372413946,-3.313057221758584,0.023537362517324127,-3.3337290239481776,3.2959007156494837,-3.313057221758584,0.023537362517324127,-3.3337290239481776,3.2959007156494837,-0.03782830829869388,-0.03782830829869388
0.97917,-2.2555423758106468,0.018811284614031976,-2.3581986647997635,2.194740293084754,-2.2555423758106468,0.018811284614031976,-2.3581986647997635,2.194740293084754,-0.16345837171500932,-0.16345837171500932,-3.6801521798912944,0.037335218347104654,-3.7017058238834175,3.753680982520824,-3.6801521798912944,0.037335218347104654,-3.7017058238834175,3.753680982520824,0.05197515863740643,0.05197515863740643,-3.3422923317631104,0.027032235367097462,-3.3032328968133897,3.4093956660555955,-3.3422923317631104,0.027032235367097462,-3.3032328968133897,3.4093956660555955,0.1061627692422058,0.1061627692422058
0.9875,-2.6864700526528553,0.03969991030130799,-2.9326232392650433,2.599818017028538,-2.6864700526528553,0.03969991030130799,-2.9326232392650433,2.599818017028538,-0.3328052222365052,-0.3328052222365052,-3.923904214168728,0.024858400157206553,-3.9092487236039997,3.9414125742487918,-3.923904214168728,0.024858400157206553,-3.9092487236039997,3.9414125742487918,0.0321638506447921,0.0321638506447921,-3.5307732411308193,0.029551675625157217,-3.595943138781161,3.4613423303923194,-3.5307732411308193,0.029551675625157217,-3.595943138781161,3.4613423303923194,-0.13460080838884148,-0.13460080838884148
0.99583,-2.528264406682669,0.022323193211909714,-2.4839936087520407,3.018017985119265,-2.528264406682669,0.022323193211909714,-2.4839936087520407,3.018017985119265,0.5340243763672241,0.5340243763672241,-3.890968403924913,0.019364888409859983,-3.7408036869582117,4.102884313211963,-3.890968403924913,0.019364888409859983,-3.7408036869582117,4.102884313211963,0.3620806262537508,0.3620806262537508,-3.771262939830144,0.03118953609707905,-3.8293627796096446,3.595378739755573,-3.771262939830144,0.03118953609707905,-3.8293627796096446,3.595378739755573,-0.23398403985407157,-0.23398403985407157
